4.836183334588244,9
4.717606503074887,9
4.952745505910214,9
4.866529351277645,8.889514112799164
4.667890149598436,8.900673783390827
4.591818011201761,9
4.570357367796169,8.852349682546965
4.655983332997366,8.784340178157887
4.564161228893866,8.743217378898196
4.474506090817784,8.806833226628168
4.455165967577574,8.949244585237537
4.6498371736840465,8.688241625800234
4.797540014953671,8.81003618475298
5.013843331313219,8.910159470375811
4.828343239932518,8.68547974919019
4.9742677154762776,8.8074454636018
5.0945146972889495,9
5.187426395615372,8.933981137748251
5.075496886860736,8.80159318887128
4.564238165769016,8.621440771877792
4.4511341007193925,8.68635413032579
5.148895925948882,8.663231991706018
5.018627024121732,8.666459200483933
5.181882153730269,8.810757759322186
4.347460595579297,8.97665741446798
4.335137328028979,8.813748016869443
5.310558305392688,8.649392065035057
5.234711457297307,8.567072274619656
5.117286443537035,8.511825411488358
5.295432398246618,8.763565963816022
5.314627865939982,9
5.356458331979149,8.886360557568862
5.491959254093492,9
4.67875209803457,8.581363096200166
4.815133789883177,8.583785332839717
4.602891931106563,8.514555080955986
4.930170699720883,8.557469163849511
5.00411748556186,8.481559782869118
5.174041874508771,8.398220274694284
5.087424912315355,8.329120625517957
5.296108210368171,8.468579991615224
4.972585077355526,8.356766807790414
4.854923768526585,8.46982181384253
5.2983771681509015,8.282750876215694
5.36225932632922,8.393470548236534
5.2195699173793475,8.208162500779798
4.695596892785529,8.471002615118927
5.067488612156619,8.205335009611064
5.306065991641049,8.052959295827417
5.095209807154138,8.051953311429168
5.361218117041409,8.168591665242454
5.403197581600697,8.272240912313974
5.642849458662248,8.965547535015293
5.480464605462882,8.896552483166197
5.579924617676102,8.864766351201535
5.211601303730686,8.036612352983555
4.968956091925916,8.062832848629807
5.12046106333015,7.89793834347179
4.981919496599384,7.893004956816756
4.896232896316415,8.238768261320068
4.814220622528991,8.123061248069632
4.781939694207911,8.025611291091678
4.891540227873455,7.93821562786354
5.046709919786551,7.791162726818194
4.873038345629288,7.7792968163789125
5.012137687986833,7.706025105352379
4.799735249084226,7.906204211127876
5.245107473951454,7.858119987223714
5.266071180045788,7.771589086837518
5.168874298658998,7.7125775110750014
4.797971496870409,7.707101978699708
4.719635622440638,7.8238514621939945
4.674147918860224,7.954610601825411
5.469071308560973,8.45274513793395
5.501417219107965,8.353490877161535
4.576726745235528,8.412230069715644
5.287042294194699,7.6062621263101216
5.10193834321014,7.5923503678367
5.208260622583928,7.529324222062462
5.357690344806602,7.6801029509014
5.013103593331537,7.5964093104294514
5.61293074878056,8.48183637219663
5.469216876088047,8.598555101976057
5.395294316909663,8.524247010240865
5.604932244290751,8.344898317076195
4.320132583362215,8.712457107883942
5.488702437020375,8.212687193639502
5.587513631637642,8.264825880079014
5.5016958628342225,8.124801589540152
4.798319732134776,8.285625568855554
4.704590399494087,8.119629480846273
4.726127679400159,8.360980191472509
4.4983883948657315,8.245652273947268
4.513627144110062,8.520835874701955
4.4818031071598154,8.361650967809457
4.385240045929704,8.398661888312391
4.610965903833275,8.272379500656417
5.475763849826922,8.736040047793026
5.613568246139363,8.126774561557164
5.446128253446246,8.023108349615285
5.555258144984748,8.674816268190192
5.718934209617792,8.168891104769315
5.716406258064951,7.995400159091392
5.595816259538617,8.027188919611385
5.740755043007751,8.274281999255615
4.917492562608736,7.659983525013716
4.313703862625976,8.21255361804702
4.566739004232097,8.100016705426073
4.390528876651004,8.098863622319676
4.401278209431333,8.292498749577211
4.154118186207083,8.890265271816451
4.230980751387485,8.812586157566608
4.244251171660293,8.967566158338194
4.876616528711941,8.368402372372161
5.806039913845879,8.097496679355517
5.7796430191887165,7.841933628733585
5.895239613020699,7.998245603311873
5.555910827241079,7.929573370587968
5.031738683596302,7.421779521895821
5.827030888790553,8.889901175099167
5.74943265466915,8.978605868234288
5.71032657653006,8.86153909715548
5.635772642239473,8.771011400059535
5.46780397528987,7.541156646497322
5.345549617104981,7.449332038173687
5.6530516219325815,8.6007620101722
4.964402809041996,8.165079970480761
4.550945396504366,7.909755873296321
4.573858393488526,7.804228934521988
5.4899448204939425,7.329186812189234
5.370469437326382,7.273780067836798
5.230750433212606,7.35676290531733
4.948811993479125,7.505181065101378
4.054140174760535,8.750201577911977
4.200998717434261,8.709041623236725
4.275295273665912,8.350310946135489
4.851612594164319,7.54703336429525
5.108036196141624,7.281850997946352
4.885083426685789,7.411045769300067
5.000202958588299,7.236661440655967
5.372997590327712,7.172770324629987
5.488392797854221,7.21879453254323
5.281166903966784,7.106503194198903
5.424152069229669,7.084792577130915
5.2597798669916065,7.25245377859971
4.406069844630686,8.580909983580948
4.79376015975769,7.447868764764156
4.671057694491943,7.556973471693499
5.823039761332987,8.215815282888629
5.077956578332221,7.172246248790871
5.149930746954163,7.09391965797061
5.1393246161131465,7.397369047628097
5.477215202867069,7.865527497412387
5.329474952348778,7.915353220517246
5.5094576794269985,7.715824542595853
5.6356384959480454,7.859169797258455
5.536322825146447,7.43704112676199
5.202824247590434,6.9778683794873935
5.070813770918792,6.918914872831474
5.017044806546957,7.058509387666261
5.331724531626051,7.017648464724006
4.093569267997021,8.418117751115698
4.251232135007818,8.497832294965484
4.227171683723595,8.185665752898036
4.213613233110145,8.600023157284058
5.7848435218007515,7.734574790422401
5.885086925117068,7.864543255394439
5.629014155400779,7.715605153014598
5.91287353433369,7.719263164073893
5.998322294760751,7.862160035058471
6.013528042289066,7.975180453234859
5.3560572788103995,6.910907621830476
5.1311438143737815,6.8298137358649464
5.26323886887295,6.867442877561422
5.363518432141449,7.804470606867298
5.525354298523148,7.083863708390536
5.519168779858646,6.96325568503386
5.6069304091950425,7.16554428391072
4.96503194456888,6.755586871566639
5.095681922423464,6.734161009903192
5.316804880543705,6.785040360155553
5.227539085494479,6.787159893385915
4.116132273131147,8.563717866313347
3.964742807356181,8.40745103296121
4.127311908246832,8.30824174747908
3.9789659991064408,8.561788438124648
3.9984150798351386,8.273616736558207
4.894618825015895,7.133860068922019
4.898703094002819,7.2438780496083055
4.884869526328966,6.936622249214436
4.880661673061774,6.857527502341478
5.6419149206407715,7.6039723317166
5.538007887098042,7.635875025819149
4.951438918158991,7.335730794025413
5.035620741837801,6.612747230333662
5.179885042294127,6.59454533993992
5.416364227578563,6.830496062921752
4.04475036569543,8.639906485169123
3.835919485727576,8.531240822164797
3.9543979449932536,8.677186741023645
5.7793788627848555,8.738589551043193
5.349358473442551,6.680936470198492
5.797192248568475,8.37719320792687
5.92773731156825,8.254532409525972
6.078988730537134,7.794065287523141
6.117633881615139,7.886731232871879
4.84553461841773,6.7559334521608445
4.934570911420664,6.623429924317076
3.875459368513241,8.244197290819963
3.869432356100585,8.409791605951224
4.074463285298744,8.123811538637124
3.9482621441097856,8.158934718945982
4.546109721930435,7.627209810315886
4.466493365602081,7.752493195019606
4.423705349950193,7.861907207509698
4.647351453980654,7.7095034675521
5.9387695250813,9
5.917135779905521,8.609671203997298
5.893878817055497,8.776633147081524
5.756204110509771,8.552750368399149
4.653890212322116,7.357251801265056
4.8258933491689415,7.31700819607074
4.616958076823569,7.4707419756721425
4.144843198022336,7.947490837435018
3.919832949632948,8.035981624504013
4.027641280633414,8.009317849187564
4.186316966042005,8.073141484958738
5.641699111076992,7.278592230700031
3.7321947737822496,8.613963808418207
3.761751289796437,8.412752822737687
3.855450660588246,8.698931678635333
3.650802916875765,8.525117690554646
5.828298413953608,7.567156716071513
5.7224375670663,7.4215539839781135
5.691261963145326,6.982982579583406
3.845127686402111,8.106488117692242
3.7604171525934804,8.205958844945442
3.6503145953836214,8.396506490196767
3.6607236337264935,8.270396081752894
3.625525807768549,8.162731894893225
3.743499112005271,8.103338917624844
4.828754111983294,6.614697223242885
4.999749383368225,6.472416761084266
4.885932955685316,6.508561899074193
4.766876349451713,6.535649743677163
5.6360910225828125,7.489490696768463
3.550204791422708,8.551931333973503
3.509446761094002,8.440400344053788
3.641962368306276,8.706275816877806
4.357964566008793,7.670873734431148
4.363709646189394,7.552618851476866
4.524683760794685,7.437927074061944
4.487827153279549,7.5390422818508025
4.282497619695913,7.975364048351599
4.298384210420422,8.08526008167749
4.193852094113419,7.789396886804246
4.002455697016779,7.888783762724287
3.7427904736461675,8.796929237999596
5.999662166264173,8.897435325213948
5.878114512318949,7.390189174974293
5.800723038926663,7.302846409571919
3.8493365532407355,8.834080085587637
3.945726285423833,8.783848422011005
5.998293986998915,8.4800524080311
6.090468222346127,8.590035081992749
5.706295199438727,8.419101851884125
5.460691924177113,6.723743537135977
5.243228319139799,6.682593575763187
4.7595693930723755,7.21255893229662
4.776857607807344,7.128174643006205
4.803693428947643,6.980779861697551
4.666359055677985,7.223075446422207
4.523017183461947,7.28344586391207
4.550756489459193,7.187522036555936
5.990677636383373,8.086968871836614
4.940411949591238,6.342959935551566
5.0809625216750725,6.314136374257371
5.150377661551852,6.460101518392086
6.025034800651842,7.7034038606348005
6.1260632800023895,7.9909287425539866
4.827690048409495,6.406695598617604
4.685923997301894,6.448589328523816
4.638905734668905,6.5627275417119515
4.5908335226083,6.449032201853497
4.213308083026995,7.609527869179779
4.228186784528396,7.452015580705828
4.329986927753582,7.443060935173068
4.644793752078346,6.691235850188025
5.5467760520352485,6.846389222024398
3.5692451190283867,8.312926314751055
4.465340897655947,8.011649579735698
6.06284887282363,8.29518597973581
5.922617240029284,8.402384363963527
6.096592727686465,8.150295569078775
3.944834086804399,8.906465928950437
6.028764478573473,7.603053562163115
5.950364608326115,7.536277359866384
4.6744373288005425,6.335809159397134
4.54406573191335,6.323013694755454
6.2477210247972605,7.789271800409134
6.189696179125325,8.071779198495877
6.289541726802408,7.892844752427176
4.541750616482722,6.861073015860294
4.738355489113252,6.792629644656103
4.54505395562968,6.786408962710415
4.666705908190418,6.827756990673565
4.544572926589016,6.649628136905103
6.128597693840044,7.489105540013667
6.033341045289971,7.400576403662332
5.822401737305351,7.477136272962116
4.636399943647825,6.218179740990395
4.7831943287067515,6.269087271229068
3.7691661751188654,8.309334566906987
5.741842250657996,7.202161836034746
3.9832615801099216,9
3.888412541429336,9
3.7934982239190367,8.936423678195936
4.418055046040912,7.271231166962596
4.30805669182101,7.802509413480461
4.511041871972554,6.5261111144012425
3.6659311975554743,8.031481821678033
3.7991108891624323,7.984993309430222
5.27979594106175,6.588278833595754
5.278979502664914,6.49997317201297
5.2103064653436695,6.224144739495991
5.015679447643181,6.157800940811246
5.1916816604821525,6.3412990600221555
4.4267333732355585,7.415285111588106
4.162505416646694,7.703380035551186
4.053916828272826,8.901704118091521
4.317215486723866,7.328161603036609
4.144916750081298,7.289607547917148
4.115586594697112,7.39068126983107
4.129304488306262,7.523325989943256
4.084763763116402,9
6.217220211414236,8.18318927225503
6.22904102484115,8.285936178669996
4.681758255754156,7.065554941680319
4.704096369476856,6.932562461356781
5.722718885895621,7.080316038184718
3.4756559021387923,8.633828495325846
3.4108461408471475,8.534319783959186
4.5411101732223615,7.007326601850247
5.868888208217279,8.490509698074845
4.044077316531609,7.636972691652464
5.633115679795708,6.673530389475425
5.66975164707281,6.845291267466913
4.855481906010646,6.101880727107083
4.714794914812217,6.147200606923108
4.018403828831186,7.141153267584352
4.021563281661679,7.432224738834056
4.18250337550329,7.191338019523472
3.988202863002919,7.320956692422379
4.304503020261473,7.197509190568216
4.131461452962474,7.101994836485478
4.8756981277656095,6.216962316627541
5.374027331548652,6.538194167688853
5.9293860847563895,7.301208541577239
5.858059032704364,7.195593722902052
4.4529303347210005,7.105552263649934
3.9292037996053537,7.775117640760225
3.903741038091905,7.575156324440657
3.922880125815375,7.480833406607222
4.742045828900783,6.665649893764009
4.225115570021529,7.3516765362337795
6.297127855999455,8.032825136511937
4.799299786428477,5.990010000317709
4.562125264469705,6.059640664013922
4.516366851043819,6.1709044942664395
4.6797875616654725,6.036606416309231
4.6189852603013675,5.927728978041018
4.430763368591386,5.9752866491270815
4.364405648182771,6.061747122755871
4.412359302612839,6.1529670662202465
4.506662906593689,5.872845326465648
3.8114174356320354,7.642207438186179
4.0407596580431555,7.752739420677151
3.949120957091488,7.67419480448669
3.8445993072755082,7.837961968121888
3.7386627776085235,7.783489678891363
3.516992396267949,8.158163408143649
5.50119750402017,6.5518537690260175
5.136898987165495,6.15140873606264
4.977913788336764,6.028544253759487
5.080479429960159,6.010742281915474
6.01544346718942,7.193902473616473
4.526653258053657,5.759989670896736
4.444779811144412,5.7444194634925
4.342881502931967,5.763057509428757
4.314310287114813,5.869162910206661
4.704081393655384,5.843390922991886
4.175432077086209,6.115213674295443
4.281329304314544,6.209241076819895
4.369869713459767,6.261402978077734
4.214979663414341,5.984589144099585
4.438777679821222,6.821587828081384
4.349179453447246,6.754933634457488
4.45765961735042,6.708337140962036
3.416693787873041,8.38783279425995
3.455906273636709,8.244024354983226
5.773049495150091,6.90982442837883
5.837451465672419,7.046520963860992
6.021516517639745,8.776673358439274
3.5079885339482892,8.759036597391193
3.5895552549796776,8.867069429509112
3.8520940217610833,7.351146685558621
6.1131272162730355,8.722236007852333
6.131943245309803,8.856483585304046
5.490141533565456,6.388509421608597
5.282805968714054,6.396193578880978
5.74007323608411,6.766911105711609
5.855249703690177,6.781129626964613
6.170177699246136,7.656799753904338
4.250464175581568,6.811326119589099
4.349293802298661,6.621360353179391
4.170474757602791,6.807449685308
4.183719884968593,6.654871706496419
4.408563862283821,6.923502821826059
4.305330332672676,6.9435873721713355
4.088512752351552,5.962382128657379
4.172801185130973,5.791126178129058
4.072255937586,6.101370139784899
4.746238163805865,5.730492035780238
4.836782232948291,5.80757951616781
4.618057883773776,5.664551944432555
6.4357718219656315,8.074516897347982
6.39590244328205,7.980494079302375
6.352329002786599,8.22422336888155
6.405636050933426,7.872502978731183
6.136643056274163,7.386390117228558
6.15714300362507,7.2597192999517475
6.2699542954478575,7.562653342676627
6.074420480813792,7.305487274078427
6.230026157902591,7.334067400538253
3.7774905128208673,7.4968233565182985
4.024858131602184,7.559519293453016
3.9325077547979217,7.221836581317246
3.8337237361966134,7.238417606123212
6.207976932001813,7.167770782124254
6.312323073789507,7.682617716784939
6.426621614943879,7.758588663225391
6.33344519231004,7.192806832517828
6.512195805555461,7.90940062742883
6.548315191734357,8.106399493497067
6.513038974620754,8.22676758138925
4.335037658435635,5.616579843784363
4.254207120270663,5.676877031470608
4.4418103198310845,5.6503945301580645
4.150698639786617,6.997882313830459
3.8558917604673555,7.131391113296581
3.9557872010473814,7.050991261769111
5.279514961142337,6.108501403428919
5.360788245430372,6.209125525870567
3.6734465321019534,7.599037432028041
6.401566773466336,7.425380068068103
6.443286815607313,7.583333608950388
6.072307876632218,7.094573700771491
6.2240168295908385,7.443940275809588
6.329783525592129,7.3511037877380225
3.3038523653434786,8.446598933713114
3.236152191187074,8.351792722585435
3.35705036559886,8.289036755745792
3.9381301538157625,6.068914336972507
4.086815254721923,5.84154920627492
3.973041343569445,5.9657837855274565
3.958116770554562,5.868603305027121
3.6335182088881646,8.97120200707108
3.558027675462543,7.485275943384688
3.660207995635286,7.432056394670858
3.5579181474513537,7.591768691990914
3.6338463251618927,7.776012749910139
6.059191898628686,8.981976509360402
6.069245374903066,8.406478171788805
6.179937065890574,8.375054936660515
6.584338691926442,7.788062588780464
3.687177041558037,7.262789410537919
3.7470929017922083,7.369567382843305
3.7572954822894866,7.096413870349525
6.325005092565023,8.457499996110904
6.151709977750413,8.495607463332389
6.307311751406077,8.355051810163628
4.218464341863872,6.29943811517685
4.442027830538163,6.332315326489936
4.374519619907581,6.459402516158895
6.573393113187698,7.3865815882399914
6.521708546219608,7.477180759234308
6.496368058941441,7.2893523721041245
5.029878918233745,5.935759819185242
4.925486224992288,5.920532828990039
6.709102675686935,8.018731836153894
6.612955810528809,8.273660182740858
6.698125670231412,8.129781860377241
3.893482077322571,6.960063771145959
3.4374333555301484,7.550875631434939
3.5549928241666167,7.33091410288725
3.4618048147642204,7.403431205309332
4.982725982999914,5.812040331315188
5.145863997869816,5.898354705476698
5.211565441891931,6.007892092516017
5.101533121187943,5.782463870103414
4.020671225266105,6.880124459534039
4.051609719979466,6.712699158435993
4.098249019466387,6.622345384752085
3.639680711077815,7.104191921817258
3.6810865961109354,6.968255827419791
3.5850491724039806,7.1941529536587225
3.7668920469660616,6.9025404488021875
4.03355933081733,6.535456277516764
3.925154532494088,6.524590594354461
4.09980290409747,6.458147718573976
3.9058877728181054,6.672373878151819
4.252248603291082,6.457484564727019
5.745437556242367,7.6241612038167
3.4798572389343914,8.037550844284134
3.356272685732086,8.113357623441203
3.9467718382533192,6.429124197000595
4.056530482324307,6.36091816712338
4.076564937490251,5.669342524155586
4.245224356249516,5.491959807104418
6.586612622703738,7.998381204369368
3.9584930154426528,5.515213716372017
3.95453114684016,5.717536650750213
4.170724517181267,5.5340853543343265
3.098105388672293,8.227068714617458
3.212063752772074,8.209612148898115
3.134279640744152,8.363402317475696
3.2290013066698817,8.517525601240097
6.326258189120986,8.626614420578374
6.494048259334175,8.40044588946316
6.423142303142332,8.546419879182094
6.25239110409937,8.52905572130912
3.3278860794076506,7.384048539505106
3.455548989665514,7.681596562568054
3.272182244920155,7.581367372165118
3.336471350060483,7.5004713398337755
6.309975842776646,8.774586682741996
6.2060789724576715,8.623015752202981
6.439431457637252,8.732042045665446
4.340308193166427,7.086302642115431
3.4893902867975184,7.817927435333401
3.2962973068014083,7.714296916090074
3.365596353210755,7.821161379426017
6.257160113981153,7.05956995918921
5.987982718724228,6.940153022587328
6.092571902904942,6.896204476276075
6.121277202205153,7.00723211345505
5.964836986631512,7.097164787935879
6.61733095136996,7.535333714212537
6.548579791461769,7.6653301465077135
4.196768549124129,6.562531724818051
4.239400062471468,7.053317259929882
6.461315136071275,8.862573376096371
6.577123216999029,8.782678872110694
6.33068957722942,8.88701186161589
6.600136755057505,8.677779566426496
6.69592510802503,7.627326144563416
6.739798031026322,7.451672087258563
6.682320802171245,7.34896982197525
6.797517176682759,7.55420500354369
3.7008524958226623,7.927333591847503
6.821772723719291,7.874590821537537
6.854098781545758,8.07385986597736
6.711716461253486,7.854648130579749
6.61193703477861,8.520394947349821
6.509181719911725,8.606703606938206
4.353996036636977,5.479579482677897
4.476230309339318,5.4833981587962075
3.823733400755633,6.11057549920492
4.039277143046853,6.231993129080416
3.775959851106214,6.01448305355291
3.313936054750001,8.59172835272249
3.3280786072260837,8.71537408612502
4.771339476326844,5.621846926254704
4.860869537537785,5.723049933036098
3.9323794579447457,6.239139015354973
3.860850754308183,6.3297860102599
3.7355123923412923,6.254579869759558
3.159130749438688,8.12932023170038
3.3166358081021925,8.017920568098026
3.8522253245833857,6.848803795215719
3.795601482831695,6.5387011188569
3.940179920627829,6.792798584171157
2.903732038051415,8.257004393657711
2.9568407135040538,8.121920668066252
3.0446852905757895,8.04781146280793
3.0318155556482003,8.316191292436288
6.602017124922587,7.265870908546772
3.5627084064239645,6.21085626743855
3.732718015766242,6.429992284955885
3.660212705534231,6.076596803655964
3.6589953974627996,6.322197679587423
3.547214893223123,6.317428401926577
7.001384439175237,7.948741299126353
6.890466772730334,7.767828134123527
6.726191549761893,7.744624985980508
6.997086121957551,7.778809123177403
6.926350329418295,7.92431815381972
4.0502159815266205,6.998032803669955
3.88099263830392,5.984639646189619
3.575068291844967,7.883071289968526
6.211244077601027,8.765919836024704
6.8453138362634105,7.986272215803167
6.792946965164777,8.19886579210536
6.619499285949896,7.9021112493960945
4.980350435036533,5.699373656231758
7.151826836761719,7.853953764490964
7.025882722123917,7.675999298424503
7.1227327471299935,7.706892876684535
7.062469958027917,7.855694221326438
6.8764725088133405,7.648157190209854
6.186487757396129,8.960554487186497
3.4965274419369963,8.927385636400333
3.74654946607491,6.787869996531188
3.8065716030915198,7.006689396854259
3.5946617294757726,6.944272160599427
3.6478575218697387,6.850019937629198
5.97413967063025,6.811451813718274
5.810669050560323,6.641391913992048
5.888417600013125,6.924355673944812
5.985717744247142,6.691512428954824
6.982496345711216,7.577748374448808
6.890381456974389,7.505559344502759
3.111990612208734,7.911013075575755
3.0232713796236883,7.910715097121373
2.9252524724826108,7.932245375711676
3.2099907799946905,7.965411612726891
2.892376787045427,8.040593309534817
4.676215135210382,5.571675730429195
4.565988956647512,5.577408893613091
6.5450521419573455,7.116536936939658
5.1156936912500575,5.664409052362657
3.374233795755371,8.830611896750927
3.2526447619581824,8.833733272191159
3.1781710134777708,8.692456036058008
3.1479718702425745,8.798593431592327
5.39128699543717,6.40672058547625
4.309836021678371,6.353827159240138
6.823917528413161,7.387279714287336
6.7215352431901705,7.218096820862879
6.668481002517516,6.968620958249379
6.3885821738467525,6.996803169417754
6.727868909264424,7.130466386599148
6.431820266116895,7.106124633720724
6.513333276877374,6.94430744047174
3.0937686548484082,8.621632198738123
3.0322806451428903,8.709707336786138
3.4587750841427516,7.246536603119691
4.660501527685179,5.391873894392801
4.8397964650196945,5.529617901245141
4.740189617358118,5.469476982062829
3.316354917063834,8.949166829640404
5.585247637282748,6.216585143828094
5.467807734649061,6.264459066852113
5.607199296625278,6.4968942827058305
5.649329066636621,6.337642759596807
4.838522329219034,5.325222397900167
4.698909017356638,5.295668245244001
4.837234924373795,5.43918404248324
3.5059306669731214,7.124495195144485
5.997855469306339,6.5279302714456975
6.139551272973316,6.7432137679255835
6.112402469617675,6.54428221223586
4.238738819574711,5.875334474966477
7.101805843592409,7.569555686641849
7.267464928684548,7.793842054108271
7.20569668992669,7.595580645141616
6.2355092743163,6.896497672018345
3.00264627992335,8.470130974945151
3.106280667023912,8.520292533146694
3.5561091279577557,6.7422213579869865
3.6591156433171945,6.6716756068336585
3.4777044777898163,6.834207390941134
7.105154945489183,7.997158192230301
7.084571907594885,8.097043341880845
6.958589029643856,8.047554518030203
6.432385317856781,8.28439210312133
7.338590830257924,7.932694169908541
7.380357136407138,7.7933336822708075
7.345007224381774,7.661880067801814
7.208429164795722,7.949655025214668
2.8844624475379734,8.577919216386316
3.0259310539933537,8.858081434440274
2.9159866503454617,8.786485223150297
2.9923633097093174,8.611477366018047
2.942200986718291,8.377967529638704
4.751126388998372,5.133095109201719
4.6022340089359455,5.21141638205755
4.567793794286434,5.345717679746235
4.522227689250753,5.25537125255493
4.8630984997265045,5.202091402005896
3.8318111289257786,6.211701492271707
3.11144341837705,7.710241461216749
3.2683621333881208,7.859100739235155
3.167628282521115,7.7939647971572175
3.460038768200851,6.464168749047875
3.4597020495286506,6.143124148278842
3.4525608772651504,6.266099838987359
3.6066915975142884,6.422538041975337
3.2497281372942286,7.211844580248375
3.2019677289677224,7.3085936570494106
3.1982721615789917,7.412809553088443
5.235778030436703,5.720415241278791
5.116034955174727,5.535856206794603
5.314118576282293,5.645243352649858
5.018573823258507,5.505961024702991
5.2430618378619105,5.5174531288412485
5.7904360473033565,6.465745928480242
5.729022421055507,6.544928118760573
2.8255610903676964,8.204981292109665
2.812519230119025,8.106848742343363
2.807288345696858,8.489309845215113
2.819852469942702,8.31841866913263
5.164018423317489,5.385667395987894
5.318221644871001,5.37513058908463
5.406224814650989,5.483188594436085
5.205266630397326,5.611356122337977
5.321317200674883,5.9618928261831
5.248002265270641,5.8535632691435815
5.692609793831875,6.201852405913494
5.809855103073219,6.245018286728347
6.709745770689786,8.71238919286329
6.715142859666306,8.579131055061199
3.743098927080871,6.140922430550416
3.1318900266527967,8.919219075260628
3.14468570071352,7.538241269166357
6.8219539490252155,7.166733437715663
6.907423320739943,7.290684082474588
3.8166960564246564,6.655905797310391
2.786595772789217,7.828509509033525
2.7429263372993367,7.970837622768243
3.0164954778711515,7.768997614526704
2.8921251300633775,7.796276733414494
3.354914599796834,6.519916125514773
3.605303972013248,6.542469003945064
3.370993705486039,6.619903173617962
3.285241755567651,6.377198766661845
3.404936371872954,6.373027834457021
3.2231793860594675,7.076228180469303
3.3265302272281567,7.124042061645885
3.095106037367948,7.309894006391741
3.3563796257507255,7.22081443425653
3.0963445675556125,7.1496584744705824
3.1170616182406254,7.0300369675571055
3.398069756392558,6.980494285549332
3.2302725475305065,6.976283408651815
3.171248623189253,6.888431227331368
3.297951161996338,6.901812502024117
3.3514253130966534,6.241639267831587
3.135418918134037,6.34401972408599
3.212772947443599,6.26117994777606
2.894545908880494,7.669229764513227
2.738969404164655,7.738540180930006
3.3559639541655204,6.765355367960037
3.44973210936866,6.695406417258602
2.644606437763539,7.837809731816902
2.591053858350889,7.935558529855399
2.6651303181576096,8.132077024356443
3.210320307452099,9
3.4197888151745213,8.991974791601914
3.0072141910951102,8.988910029173443
3.8483447084861053,5.883432119608928
7.53042153701178,7.8216290519429466
7.435422126496848,7.880357168525827
7.514368834084092,7.662792969365315
7.374676454286519,7.492596772224132
7.480139923917048,7.5191430645955455
3.4655652428154955,6.572201661879085
5.9033987696989225,6.3312623617090455
5.885359968489996,6.516632856266639
4.949720264949697,5.322230858992271
5.059340018905676,5.1679091149426775
4.948465802398245,5.121529011245162
4.845938253907274,5.081703185246663
5.889168056419471,6.171447786228966
5.72663916464263,6.073047038664167
5.757380922869234,6.345146599987712
4.413235797896324,5.356756097486322
4.613467083195885,5.481315582863835
3.739864663274002,5.858275590512231
5.3371593892117115,5.799820389421222
5.426038958082721,5.89086766241128
7.499469307729743,7.965770335976826
7.648316954053382,7.884195132718407
7.6270862340731,7.666700547219277
7.610342590183865,7.987416371077742
7.670413758419478,7.7820080613039675
4.49768597482766,5.142806910784536
4.408938465374803,5.2335564699333705
4.624907673871409,5.035812005933999
6.497997145360454,7.2080403098994
6.011889174395878,6.076128458440898
6.079678006173595,6.167235241074564
5.9087910085014395,6.0265774245004184
6.806925699878962,6.993004148544904
6.936283107011516,7.168917178736121
6.962264523495672,7.06959441424237
6.978324785746248,7.456309931200691
3.261296179682574,6.5715701783366995
3.2210430423486103,6.467548388664938
3.1801016209016666,6.566486338031045
7.2241496192948755,7.443623165474222
7.134486711776405,7.410648017271219
5.0242187211863945,5.394300825503907
6.245511695911912,6.670149362449981
6.126650199103242,6.355232925565111
6.222202958772774,6.429858839370696
6.00358336529411,6.4167698050431285
3.069157002674521,6.465516120037995
3.1199586100768433,6.177414898795828
3.0290888757551557,6.324159138101823
6.030888335420557,6.306060702997742
3.5641363838213165,6.026296249432768
5.546293937770435,6.1040778266949
7.359885399508168,8.037913068364134
6.417391376131408,8.974409245238167
6.306261099830044,9
5.347156694359889,6.3159638063006875
5.423958057610983,6.100893496883865
4.07823373549966,5.476727167589981
4.087657752575802,5.356050056491541
7.292223870307257,7.320907558923543
7.164231369814934,7.269020865159463
7.408871358822747,7.374030076153927
5.987403444423428,8.683321800887539
3.4041001281440915,7.960973424710265
4.870140105521364,4.970409774936023
4.972994004310571,5.223100740592432
5.0368275526587905,5.049485978443435
4.744185215818918,4.911614135372194
4.2433419472585525,5.390177625496469
6.885722962874136,8.511786353324053
6.789455787417906,8.442459329172769
6.629752814711129,8.406245274027395
6.893850360418372,8.646789582052222
5.409132045833533,5.595797030738526
3.5810177670817684,5.939304615283449
3.4997618789599056,7.015976488484062
3.0049603207276068,7.502175130290495
3.094545716196197,7.433959629109426
3.0252390003352527,7.651496390204779
6.318076482861124,6.786514742162957
6.406041865101031,6.737519855096987
6.339804618805494,6.625881448731378
6.086943803861255,6.65465517260801
6.358264039481136,8.116265713711114
6.382133420051902,6.534529586604262
3.082495493877951,6.624669401653802
3.260949068084961,6.724516008324346
3.1815975532930447,6.7272004932669525
6.0837458735444265,5.943042171622265
6.156489792206897,6.040962516629965
5.548678932131166,5.993849644457225
6.413729925122197,6.352701476592439
6.468531648568049,6.464946891536506
6.478592598970834,6.597859399675045
3.807590748930701,5.706189308784374
5.663180116862167,5.974547862823267
2.8457250855771523,8.691652483860592
7.785088129450014,7.859930737205243
7.8001925973375,7.719594387223727
2.844048843582232,8.904398644621446
2.707238512675706,8.611075954674606
3.702074495273469,5.560168754919966
3.67607006241222,5.702661805028673
3.881109641214437,5.624584182325015
3.7989748563142314,5.534554190315726
7.125709812673109,7.170036886575806
7.309693908406144,7.160969364272926
7.179402238148345,7.077466293665292
5.503104729633473,5.808282298930534
5.375788497140208,5.725673766222679
5.612682821850359,5.881202165858118
4.302800947930834,5.300203657074428
4.211925486750717,5.241649384472796
3.6421029643538416,5.823206540700981
4.097942526962814,5.243085149225232
3.9781231133709376,5.301732468538011
3.891330108786382,5.356663799819313
7.367437605809474,7.045909276312203
7.462500514476964,7.252562199466053
7.2791318778510785,6.9652662179215135
7.419085051466009,7.1365205146431805
6.680673509767002,8.816275121937961
6.580988738330705,8.904628479757337
6.683278066270743,8.93551954818271
7.005792661309045,7.308730369432183
7.577103632416958,7.478032963924915
6.006548616849666,5.885227109015846
5.782087259781089,5.920739330508503
5.8640392640094,5.860170577625006
3.006355021392851,6.865013319270079
4.631136267844887,4.861181352184695
4.7512812093241035,4.800701063457503
4.847049485010324,4.877439558366792
4.733150483558024,5.0146778626391955
4.636204969391252,4.759205656286229
5.580128643105656,5.676103154347881
5.524117822300999,5.536060072938722
5.515943894251834,5.428768959196583
6.862876912518239,8.756878557244285
6.786889086984637,8.864247691568035
6.781419657293672,8.983775727782973
2.7169048403755007,8.752103316993614
2.8218646782809484,8.793594040417446
6.799939293329171,7.289167320733341
3.362050386905678,6.095236543057748
3.2508491936411477,6.158958147973475
5.971716817687066,5.702763332390791
5.764936561091569,5.771007424978257
5.8702502888685215,5.740994938098161
2.9691069882436563,7.283847909135174
2.960607905578023,7.1826662762079
3.680963997769425,5.978687436339715
5.873675070056853,5.623531499522032
5.788202196242624,5.565428755985635
3.9311718705246492,5.176565458199538
3.814646903481578,5.28208460167401
3.694843684856692,5.372490330008378
4.031706747322182,5.119720204980778
4.143660794596287,5.110868498400983
4.2502101094676625,5.145934312363027
7.6022200672307125,7.314958760082721
7.631393951518571,7.19262875221333
6.551216499432048,6.680118511399937
6.398808448722163,6.849858477145323
6.572421378442578,6.83211501304457
6.955462886983089,6.9593582365188205
6.8901084371687045,6.818486317685329
6.78695667769007,6.883370697626493
7.715414345676685,7.3688517505128495
7.732717884479581,7.09109519976433
7.779862928396241,7.288403161415694
7.660828456526768,7.0065628398497815
7.573658012924501,7.10004468172589
7.821730212314007,7.149829445718651
6.905690806027494,8.957884164848188
2.687110236778305,8.498916105255153
2.6111994404365877,8.681352808833624
2.533017712469002,8.577855370779222
2.612509785345098,8.468199848181337
7.431575619292422,6.907143064002332
7.353799708947974,6.8521254448537405
6.662270771227736,6.638338328624344
6.609172261112409,6.544703902984165
7.230354813166548,8.070180602593847
2.983548393751427,7.070969266862305
5.687698045080896,5.697270855778985
7.753391742624836,8.00556095207249
7.898242472375998,8.021962666810966
7.950731362278592,7.830233430934238
7.912630748002576,7.736781837109865
6.172260308633885,6.256036470294282
6.296191161216697,6.305813748926997
3.5375290682633076,5.620995038067336
3.567623880518921,5.729377537872907
2.661854609811512,8.355501669749973
6.6913131980706595,6.846258765474042
6.841261219023323,6.690383906605461
6.728038167249872,6.458738528417637
6.808537327303115,6.569312533139191
7.663557974976235,8.090256109781128
7.748772401173654,8.181390623779103
7.83247121329158,8.103062783525608
4.447025552568737,4.765347830437244
4.544968244755676,4.642270198268611
4.70489550494175,4.647688037892812
4.810689367018692,4.711114352562531
6.72685388992645,6.722063748379161
4.39234093989007,4.6726573294940295
4.5734225005914935,4.451848263236078
4.603666218904279,4.551932755561818
4.458311833814739,4.567039985221732
6.4516533430349705,6.234215231451078
6.330064985946425,6.437256520113135
6.296654110617157,6.127343985911969
6.35207241888245,6.218687355757771
2.558362133742058,7.682754825894275
2.701870312128571,7.62573194819616
7.071306304155641,6.871708215558766
7.054687578037239,6.97822832361287
6.993827300665873,6.816269855428448
5.047846493700148,4.928069463189682
5.187280972163683,5.076057072462766
4.200532785788153,4.677203783889911
4.315697981100863,4.607562449422387
4.328765081734079,4.772560393610774
4.410648541084691,4.478884685961218
2.6609064804127613,7.5032287445524695
2.8096226977830216,7.551509283433698
2.7885465780318204,7.446802021163235
6.561875534773389,6.3283798713709025
6.644852676596194,6.443440088192551
7.8471500145476,6.956084047349756
7.69663989604984,7.2736490884792735
7.887038238699266,7.069502966997822
7.663219869790891,6.923544559884809
2.9085807623229876,7.468243657956159
5.652562961028069,5.581946148810826
2.661848448679422,8.863746384311607
2.5411770900563693,8.814732434468985
2.742749990819477,8.948173608093763
7.926743520659728,7.5895500883714995
7.796630587615056,7.549938712065037
7.059212365019776,8.470932360664749
6.976987224820218,8.59014209197534
6.860558101266516,8.318743535264101
5.136451547254186,5.272885360278571
5.24772964997914,5.289936069421364
4.411910122777968,4.908924977426082
4.54010260576511,4.904043342178965
6.260758585485922,6.556302138561208
7.564372101215079,6.904368772335409
7.298352161066294,6.763365693028104
7.4616371735548155,6.78893242211647
7.522130245414455,7.007800061226304
2.5056722020602424,7.597714174560697
6.949926098873994,6.505586239029123
7.002962967837504,6.59291648133268
6.9426771354201104,6.4240013534579
6.837635729726765,6.419758156715699
3.587901297352738,5.520270546641594
3.4303252898709378,5.663550058963768
3.4512145593946975,5.478075292584512
6.195697049814315,6.1341374524339844
6.98770482275976,8.703915945640349
7.082063125775427,8.586734113154433
6.6473441269193785,6.212657775988255
6.482244650807817,6.105120581614688
6.5931831777634144,6.102457908129088
4.9840396613138305,4.822468469801265
5.214298971622085,4.895849673557331
5.112236263421456,4.830723879444606
6.7260791560187965,8.355202532779494
6.707641201410972,8.479428216175723
2.458143330253322,8.756686940449757
4.308585892827301,4.886302352559046
3.0077005874925433,6.739080182755178
2.909595274519044,6.795933770479766
2.999780701983712,6.96607294384018
7.439652077366191,6.59499396251582
7.483623655617826,6.688275428855327
7.571540133203019,6.779078670972893
6.166254770968577,5.827608977590772
6.197681062525978,5.926659934029474
4.50210733727901,5.002653628602318
4.390121734218853,5.043588338822928
6.913539799982287,8.407318358226831
2.8719391356907304,6.617504379727757
2.7970318957611155,6.8978082457546135
2.878979169110776,6.975352779268355
2.810022745574197,6.783344136798818
6.621654967406596,8.201969837942165
5.5985289369669555,5.777366346949474
4.209913781272334,4.9945592491955635
7.863148504623573,8.279163938963952
7.675951829720684,8.306910152757151
7.567454969351099,8.158326658343412
7.9247381316615115,8.178817149410973
8.052724373561523,7.9393576432386785
8.085958968035776,7.7872918485793825
8.045605590391174,7.7063785526722794
2.7925338128401034,7.140716584269008
2.6879801853943803,6.9274966312620805
2.764008397604422,6.997051403661361
4.040885470315426,5.583651743923289
2.7108821216330488,8.221128166895316
2.5617385533937362,7.403445327051236
5.93553076088295,5.53108570536677
6.031170790926883,5.569944466326429
5.819842076113648,5.467697637058511
4.928677882256431,5.586778311806156
2.486200390397338,7.77300292873758
2.4706802039147426,7.976591070484363
2.512720330071969,8.088702928640043
2.4047768691750644,7.881189244853065
2.643954869527629,8.025777489898465
6.225932198151248,5.70995953210472
6.13377846761822,5.673212796804946
6.270937737822822,5.814072488163155
6.066948223230278,5.771420390064857
3.094958049986113,6.81722642725795
3.4289410266936247,6.017182606326866
2.6489965858413145,7.316753355442056
2.7461549038915476,7.355097872099693
4.22361412890887,4.7988331971364895
4.017384951653419,4.640016657914114
4.04703260095795,4.761315878983192
4.205176142004488,4.53639802325658
2.4942626315796446,7.300322984271433
2.3872694419399423,7.308625887950125
2.43654222346205,7.521834473465937
3.473273705560031,5.8149387938239965
7.055553578964245,8.322148412117036
6.978906887262944,8.256008512788275
6.381010804418159,6.067854737071555
2.640248297282365,7.101243923045992
2.691209520373151,7.196264832329007
2.893299745168212,7.082819679003614
2.8304916368126123,7.294231233024611
2.979930812198782,6.533305526765167
2.8927092323549077,6.429602929071979
7.916505156999851,7.358270731614977
7.808280732047296,7.424103606606707
7.918483868384791,7.230033540173675
4.091363965013848,4.982755042739253
4.151851366591612,4.873076212696474
7.801332138045455,6.863694115202174
7.967790937260759,6.941338109879354
7.9592971508151615,6.7938626033370335
2.5288454781611787,7.191375199036317
3.2738148128342868,5.925323620789177
3.3616153363666204,5.86098001587996
3.24823494936538,6.073495251127782
6.7170177552060775,8.254214694679538
6.945578740513143,8.152390950888767
7.1833705794287255,8.453243360929568
7.178758254777813,8.30946505275894
7.083543189519269,8.203742412622168
2.290695211421688,8.033748228014735
2.4141483050496935,8.13942585506959
6.948831489721165,8.8171735862863
7.339612366982284,6.652544907824617
7.576904662485618,6.638861066594028
7.677665717676745,7.570431031368057
4.304279322415265,4.388197361080892
4.4226886909238425,4.335572687215291
4.525319268806126,4.351264864818689
3.806433817862719,5.416340804921399
5.631966485179209,5.445945265288681
7.675270061570396,8.422238834019685
7.825566742583954,8.386233555683333
7.568342996183565,8.298543385455442
7.488594396308977,8.299857526714877
3.981504058684701,5.024466380311396
4.0416774605214405,4.867148218990876
5.369382788751803,5.251709428298517
5.4501457962932625,5.3276446826044825
5.2782331202444475,5.186199737839956
7.222997917656636,6.676649854260117
7.2744078937537076,6.548461590329303
7.390147477716242,6.4720145849646435
2.617205006271001,6.8323952907765895
3.322874176623762,5.761832987957463
5.400458150447724,4.961570542037116
5.274426189678173,4.753359527536588
5.139599431966315,4.978678311421323
5.31494557657047,4.852475078856953
4.075174791547146,4.5500546695461885
5.090290415538885,4.654955035998847
4.974602260219142,4.675431573220701
4.3059047748793144,5.036041276596146
2.235483762111621,8.174575586948249
2.321166345383658,7.849986722071008
2.1728247699998215,8.082038976889327
2.1959817609004664,7.955315142538815
2.390591852410206,8.049208695209813
7.015497053993269,9
2.1244779536599245,7.860948485177051
2.408744345426946,7.6957882702247575
2.3154777651802885,7.697174292468507
2.1895594633127913,7.718926377102365
7.1074156830595285,6.679858532835225
7.096222963988126,6.517589207559226
6.9668207543576575,6.718466349019689
3.952866755733549,4.559086979268686
3.8883769547992637,4.77011289793599
3.8493974032604554,4.542920903740121
3.857723090737236,5.05673707478268
3.946528042866415,4.8893869492054
3.805816954630902,4.962538690886545
4.943005825410223,5.437049949638496
4.371341955826462,4.239179444753366
4.655033561003435,4.282970382460741
4.6960398011084905,4.448575571281082
4.540692784968857,4.190546028450689
4.248776482981329,4.306730006814558
4.43402696203417,4.137838563613322
2.7102598855489313,6.745265639210629
7.811684633991762,6.738814334704923
7.676714069432914,6.720340454183079
7.694160244690905,6.823308012071739
7.488388567893342,6.418189292086764
4.721364527193013,4.547637401296654
3.1597085569551298,6.007882609546647
4.842221716356282,4.597244108229419
2.1747088030939055,7.600094332034402
2.3370092888375367,7.498983792978982
2.4234739670963967,8.657166619947368
5.466829329435434,4.799267210528188
5.348602265895783,4.680961375815487
5.170707825440968,4.7411508282921435
2.3284523321889314,8.237438846006793
2.518358955131931,8.23495260441694
2.4406334251531563,8.30769881943372
4.821020790826927,4.486405211297092
2.341258798516831,8.746108814129684
2.405729993231472,8.557765686005816
2.238782471125704,8.623275036430531
2.467035140951978,8.471282632768185
3.7443132318404357,4.548308713888491
3.7617840127589157,4.693018505334516
3.664494081742655,4.470354139437487
3.921486335751423,4.373902738289878
3.7865144069010817,4.360808394328778
3.8823677153379434,4.6696276120652875
7.684288910209579,7.4787406511717816
3.5332422477492527,5.4023402905196045
7.173244064456508,8.631980958334944
7.171249496095623,8.743474647308725
3.778753322989943,5.187816477704243
6.534866208513485,5.956828663252424
6.311108586140214,5.967389715378246
7.179968107451195,6.925865529128684
7.210857862752937,6.812702897356691
5.322821404958603,5.026403843975817
4.071653093496946,4.4478771364225755
2.7396017322849224,6.315151488265389
2.696230554355234,6.450570063532526
2.9181373819157193,6.313899845146129
2.767900136873209,6.5290331539550746
2.2767868444194663,8.400405197623309
8.05023404720819,8.093004009868737
8.168825939790889,7.981234580959454
8.20687380914341,7.837790780941846
5.464263681499159,5.155214430750712
7.182348107376931,8.170908161201133
5.995245547766632,5.373424178119882
5.882838630002831,5.355248971043287
5.501493802238338,4.969738922626779
5.580202616072411,5.033619479361486
5.622358779380677,4.92760837588086
5.427637299883147,5.061950327630062
4.023869750747548,4.322599797621091
3.8884511421891887,4.270929634418909
4.033429585294428,4.240102201986173
6.089340060661832,5.437681226936245
2.99822551500932,7.40239173926494
7.933665208702924,7.484124833384201
2.5413036964510614,7.50195879231562
6.980057203532556,6.318367320997785
7.0837956477646085,6.4299143633638645
6.905129432374408,6.603746523679205
3.637452288711417,4.624277230260426
3.6618568558759335,4.851356084362649
3.6374970930066945,4.753679902474255
6.1317138248803955,5.582507526963889
6.276113444296726,5.497731897594248
6.066529956516066,5.273760101116074
6.210750845779554,5.343695363855876
6.349373453216485,5.738223955028518
6.427921182354167,5.899967373076815
5.593317038031067,5.30533154775892
5.554213036417593,5.231982704679727
8.076039466384401,7.0535590156599435
8.07687132680619,6.797174733631194
8.111309820494725,6.958061810832929
6.699574195904573,6.3376377890982605
5.655590090352471,5.182770697299342
3.65933747149878,5.2761268840999165
4.743333387802047,4.347666876532715
8.282845270420655,7.044575862530471
8.25351729280026,6.90422776983384
8.199397243470306,7.073261618993635
7.26175166179727,8.840364096987967
7.338076334466125,8.728495411999251
7.134693236338467,8.848394809860237
7.231476552693871,8.555760440867063
8.261642126147871,8.0295993484113
8.358614993432855,7.947245600340553
8.172792104476299,8.114166715809843
8.275390223654874,8.128995588349659
8.257916846722024,7.925896256999353
4.802157512128283,4.254760243493613
4.6833658250077175,4.15776275909605
4.917362908969328,4.261755176185252
4.84715446149335,4.356984271152979
2.519634139040037,8.37855551696157
3.678902219442841,4.377342626302219
3.7889161038973795,4.18153972540992
3.7097690670302437,4.247486701784965
8.248499397709937,6.711284247738898
8.356543009984845,6.85179343049287
8.424678857234728,6.993918654596311
5.803002323559377,5.2346479366946985
5.9380934707860185,5.176462416262819
5.737718317271245,5.365701156414524
6.468235048891454,5.447478841199516
6.37054021241175,5.416514217919465
6.376400237217158,5.591583373073973
2.9865164829818682,6.105095105656073
3.026076920873169,6.220190506974258
7.458061061563037,8.162644041092822
7.340406719403515,8.14682546526141
5.876337001608159,5.058841130962202
3.751120723923592,5.0906468197532755
4.934535381318769,4.541542156846958
2.2700590386999755,7.335193219033902
2.3214250286894424,7.165701822563011
2.4644008737586094,7.405616267142671
2.208436426681248,7.249131461862502
3.90095145540025,4.109823879432342
4.023683747725385,4.139468937342671
2.8490617870404646,6.175421995631322
2.753334191994273,6.210496682532949
6.807893038267155,6.235481942300519
2.362236126507532,8.909813601332853
2.4996886762548005,8.922729732027395
8.130022035462595,7.199163860128202
8.030168939747714,7.158265966163768
7.223118891787423,8.957029918507601
7.041792427126676,8.893731889939332
7.135458213746045,9
2.57458478430832,6.993989527675961
2.476481105323699,6.91935964103152
2.5295382162196764,6.712174656529292
2.4936219092798084,6.816540883602442
6.528684583320025,5.308594804555001
6.507141458866727,5.549778508879814
6.639171518499913,5.503196568378802
6.638353147758809,5.379837248263195
2.0140530628254774,7.991745906229426
2.2140235931589682,8.27493074916085
2.1071953256818623,8.242544089219678
2.0622944930131655,8.103221588991186
3.4187891883914796,5.3802470943212
3.4514783711402006,5.233361926408808
2.085710655365347,8.392054638246455
2.2056025460515425,8.514013879202107
2.315098355314194,8.515162463422433
3.0563264682382054,6.001791589665145
3.5462989835525405,4.81957569563705
3.5352020027641156,4.634970901077605
3.7764490799379624,4.859642944953811
3.448226082970228,4.780332200475954
6.54534606471382,9
6.455334944636122,5.75626414120892
7.321307724086296,8.290169127258054
1.9199814365321943,8.17545014968701
1.9030304353266596,8.00058413180004
5.5678731598175135,4.820723614819728
3.1449070773615353,5.892065536358215
2.936400685701993,5.943342222146541
3.0437165410235796,5.878580066307059
7.378247984029731,8.596215595845973
7.5024229350762415,8.702633039265145
7.4463708298816025,8.80825025546399
7.38708918720607,8.901903168348293
6.874080690268617,6.324684415203969
3.5596605186850434,5.303586268279876
4.784307687705107,4.167738348946261
7.158034205730509,6.3279306501583
7.219547161660886,6.455067644159274
4.193490726315507,4.064134233647083
4.094714901642857,3.9576056569860856
3.9296786860833604,3.990420313844605
4.173209995713016,4.171551717507306
7.616331083626353,8.902098245291887
7.636266106079789,8.775055680482446
7.602122005819314,8.57913735866908
7.454254693359814,8.51650550237751
7.794753326825322,8.822207638000988
7.526102924466437,9
7.721668371801723,9
8.03314079230075,7.391351853610708
4.152196945459519,4.367502079488072
6.63360434448556,5.221368822770046
6.743458899447135,5.250775539249334
6.734548327306765,5.552168722080847
3.6281018091304116,4.085509131811482
3.717661552065609,4.037608046653067
2.728457363751809,6.644666919027162
2.6214889369988064,6.633777937378423
8.228648528684145,6.5145342083123765
8.331852895785769,6.541248291433542
8.05040724680622,6.685875197044776
8.145246827904137,6.718520485737145
8.399614230563383,6.6812379409518305
8.377914933114956,7.838418640993057
8.456811119307963,7.983818463672802
8.488455718970112,7.862416222037964
8.485999474900364,8.097079072995797
4.271526983015169,4.1976228029927185
8.655195215075462,7.865723881064685
8.322538561828644,7.751721287517074
8.489325397688132,7.757714095569732
8.596907936406803,7.760848534487297
8.598716702046591,8.008969757382143
6.775219224417385,5.351164507276562
6.931948812838767,5.306500721141487
6.831820878308163,5.174396288202566
6.778860696052358,5.08849745814668
2.89075104720368,9
6.647139939110287,5.727436244839021
6.86760449384766,5.403293097992525
6.847159548313794,5.7040941392733755
6.8391379500291585,5.521382497411887
6.595928129132532,5.6011274855001405
6.750593672411343,5.671464922741604
3.34985557696431,5.567215389708676
2.588962878358246,6.532503446649435
2.365180058785223,6.743275244495547
2.4446218296717617,6.552924054330057
2.3549633386373583,6.640412978412666
2.7555193825528015,7.276951637400089
3.537357805620452,4.501195703500698
2.240822650382167,7.449475122002809
2.9623003907926844,5.851602949823835
3.8675900712383435,3.859994812078751
3.786652252542145,3.9226803642721193
4.010274265426819,3.8384238339618286
6.71899073499565,6.130184689890544
4.92257536070322,4.4456091849762185
3.439932041394449,4.975308126756121
3.559430285846923,4.981954544295008
7.884635969144342,8.999297879752435
1.9399021201091597,8.334127202455905
2.1867436690712903,8.403119397776026
7.695449452019167,8.672984159500961
7.500870808771976,8.903756637035709
7.540842704617606,8.43929668568663
7.7163565771651985,8.570230791475101
3.673102868405679,5.153534105309868
7.395001014005715,8.42910638814468
2.430310919866512,7.153237760534975
2.360355633851714,7.416342833046478
8.352607120876167,7.634089573864742
8.268606506502705,7.653304553294989
8.159953107394625,7.64395307744347
7.268750159592706,6.3172465336516685
7.378030303024345,6.31459813903734
3.1788335273188313,5.673142033410011
3.1825249439142875,5.7906304885979445
8.15144679374161,6.588558916805694
8.20690213306073,6.808380174875318
5.475865356556749,5.718407402163319
3.0771698199431854,5.783801897530161
3.0205540721137285,5.686572414408544
3.277181149885239,5.644026788742761
7.626648768748868,6.551947011222716
3.3583217616062173,5.289520064170293
3.3739068672180066,5.138403292075253
3.542180694159769,5.110809658821554
3.565670692714632,5.230498229032872
8.244415988083748,7.2103708017035695
7.825557839130872,8.549304788869936
7.971991852737579,8.398177975568176
2.7836452410322847,5.9078425744778595
2.834083470618367,5.798347392185662
7.012129239877932,5.430352967087035
7.0377031428496375,5.3040992272625
6.931795946246661,5.2274591937422565
5.733268933706618,4.7727494323551465
5.740241118095681,4.987225925720947
8.398924523700659,8.072555818834152
6.616798016717557,5.065142767645191
6.50218662433891,5.1153466694510765
1.8029555612716166,8.25836721979703
1.786817618401206,8.026513274796834
1.7426402479699008,8.162106839429988
5.039010360536984,4.3564595914639535
5.075466453913614,4.509917411811107
1.941839723680497,7.861649893115798
5.419090570689861,5.994774778415776
8.330783759234295,8.213986255651056
2.046575000553597,7.741376971207595
2.0603799398250753,7.613236473068242
3.224855084779824,5.038558242882655
3.2471789089935887,5.256273458637674
3.2364600091885607,5.152749266711449
2.090597224002737,7.140992370889709
2.1118727567150035,7.286333558605726
2.1109324159420093,7.40331234871965
2.017542670434058,7.249588843941895
1.8034296393946003,7.921676086064936
1.767342284918179,7.843220301584875
1.5917362301916151,8.04972705260857
1.7014548943809478,7.946305152617608
1.6361977615803371,8.152133272985191
5.161596178720301,5.175394452813187
4.3177480244049535,4.079962717063513
2.639775084461485,6.237782742746264
2.7314060365361414,6.0725376280268035
2.6463890577002838,6.3584126252748705
6.876760563450308,5.847394625893915
6.950243493694473,5.5441901568906236
6.981140937554392,5.738739356527398
6.740247678876886,5.87208522106707
7.1385657759612275,5.482518760797325
7.131775940773761,5.617995038388331
7.0307766325456384,5.635293949631249
5.431311821690252,4.523961948295945
5.523395978854349,4.644061865941779
5.195608423019369,4.665834304715681
5.288924522990246,4.55640729927353
6.192280278229469,5.207262448280605
6.012928252562146,5.100658582348479
6.138940504138355,5.087923174789527
8.176438357491541,7.307437517287754
8.169131507759516,7.514408713894508
8.04469697856683,7.522339673447285
2.9207563211214147,5.727667339315352
2.841373117605128,6.006331575239444
6.553823930123499,4.981799988770272
6.671601799154885,4.9006433410440025
6.9389152996308034,5.046959371978199
7.044082829121003,5.189706382938077
7.495322940214965,6.315673695615611
3.275100752954111,5.486097496737953
3.2976189828630433,5.3837936597373925
2.1185555175085553,8.529983184960944
2.0003584259033187,8.451610640336533
4.140716396868789,3.6875439679442437
4.142118848069241,3.830856121936934
4.039370231848316,3.7072487247806487
3.8863767768207595,3.6993980061587273
2.634235308726487,5.779469590619383
2.72756172256131,5.721796252863206
2.6608012199534734,5.96689298443839
7.959317135920216,8.680805947901275
7.8469909324556255,8.68785561083084
7.977502487530415,8.580798717196247
2.2251511506215778,7.138367249387085
4.550564061964852,4.097049839916673
4.669554892619075,4.02512680079025
4.7570288483063035,3.9764548002557336
8.455146984771176,8.283231452073029
8.622256716521283,8.209289802464701
8.455391201468512,8.194983612146
8.598680154850003,8.11963781601994
2.4732947735364488,6.400889943626573
2.537864723300081,6.277042775516552
8.069350852640392,8.695150011795338
7.910109281585971,8.86786075936875
8.045049926565106,8.844436193865835
2.324621632936301,6.503802153293636
2.236829421727173,6.69327590942964
2.1920985914022806,6.531965586687671
8.387063794971858,8.390049281438095
8.509350595977594,8.36816723261804
8.50460773490533,8.475792704474399
5.566102579856504,4.496806615322862
5.64125754021587,4.660862431026217
7.906402591836942,6.701647873078769
3.18193286333952,5.388833714439918
3.1672072844727515,5.545366300693169
3.714025088255562,3.633995068340324
3.776109543330721,3.7703629388185624
3.9217517092681846,3.5911846630010533
2.265968592519774,6.789605409599225
1.95017582833728,7.34129119838767
2.242823348697975,6.987581745252198
2.394970924590238,7.03830503739229
8.28424487320013,6.33523073135896
8.193790728686018,6.417433044995201
8.355849461462807,6.418218961652354
8.061420695029407,6.5348364997915915
8.604924128949584,8.408632391824579
2.4488104893776876,6.129872725583669
2.439775407611194,6.255772251748216
2.372681477343798,6.36147504190556
2.559837097476397,6.153540118084685
8.091565754219477,8.562688434272559
8.078261972668015,8.481620459803946
5.1750227702277405,4.558859618860453
6.249754591516249,5.5988818756834355
7.6429472817800725,6.448035887361124
7.78075662935189,6.526357093741887
7.794110932462097,6.6317576170234345
7.5144715297809945,6.525937148085621
5.749652208623066,4.661413530337291
5.6669762006116295,4.483228394544482
5.7818279612098475,4.894836024713788
5.191487007443412,4.278839557263922
5.191282009436188,4.4476348991171335
5.073017816052693,4.201906772943073
2.4962394233124403,7.074174512608106
6.785698124124536,5.7842648646458725
5.252988385907756,4.35829736709477
5.324099155179452,4.2512036316588
5.273913039099879,4.135777106881815
5.1645686173885785,4.086622554145394
2.2722558018434516,6.346870692498964
2.1410622886314203,6.444346395460312
2.608640205142268,8.990359642304538
3.9905528497145295,5.40154346681625
4.0225643171127965,4.032241817256287
1.5737395119138409,8.334172185299863
1.484579578763594,8.273193831183269
1.5243669437352503,8.128720648430038
8.501157036066063,6.519572906212617
8.431208054448472,6.280661694719015
8.490994612527127,6.393810995379834
8.339903298180458,6.226515298517616
4.218534245757436,3.759785680795773
4.02016388201285,3.556179207132728
6.660489550035964,6.02574354854375
6.85869251333303,6.0105078239820875
6.759768806649306,5.9802418012651435
5.79554544143496,5.096800911086151
1.5900548023186565,7.920305689594757
1.5894865428029323,7.83407695587442
7.747426559452313,6.351049564161543
7.870765990100446,6.465307969176529
7.68320299028133,6.644043650721875
4.867528759236045,4.049188443680949
4.65896234283143,3.8124919854438217
4.831781805827122,3.7976231256505355
4.558829617418217,3.964876031991923
4.948480670846932,3.9281435491368484
5.390450544801659,4.386640632077072
5.440770900278546,4.307399879712472
2.3721209132377883,6.90144462304346
2.1882269356533177,6.2921330054812605
2.319842745104043,6.233441032747462
2.096236311458268,6.3490467750019945
8.496369357750776,6.770889787980616
8.483833620478759,6.903752948374058
7.282273376418189,8.4271733052042
8.168015592995635,8.323526609403824
8.229415825261565,8.506786884297382
8.183270663510834,8.618431807245113
7.299861290769605,6.196756268874415
7.161953665027033,6.189746908719462
2.4840490877744794,6.008147933527866
2.562070220204702,6.079672828339825
2.5403802370733004,5.902846654710409
8.363311641894605,8.542092189294502
8.26549166268883,8.380531513553931
8.30892377884545,8.679029266095144
4.418363152773672,4.031107650353779
2.3614342828068637,5.987944326879447
2.444675525695287,5.843613494496914
2.129218222611417,6.699730675155663
2.05600638347369,6.776841478850378
5.553714625033475,4.341433442060696
7.955614259743391,6.611853742196123
4.21614944953436,3.5675276530118603
4.251083107019872,3.673412111395757
3.3245783955216144,4.975702047888077
3.0528718136321764,5.107223212648873
3.1391218748246716,5.238042917436494
7.717284542061012,8.905349049449105
7.992931104686027,9
8.090421374551093,8.939861051659019
6.050885393268543,4.940836392065582
6.145756205445113,4.978828303521662
6.24118987579427,5.078806459086482
5.918139843024948,4.959001703402572
5.885075767057574,4.860988961625448
5.683545127701354,5.081087520222103
1.4967502879430366,8.415158078382968
1.679216025164815,8.48217980133036
1.6793332949880015,8.340612572833429
4.677163187324755,3.911139659211908
6.409593012944002,5.3036243204361995
7.357074407029939,9
1.8790217747010605,7.7456625443175415
6.764624018616289,4.950869312095767
7.966999225316607,8.289494332698785
4.851653469555387,3.9023111323102695
4.514436105307263,3.87758183124874
8.167995107482279,7.412061302144213
8.272044896763857,7.424494123383866
1.4349476249759823,7.978009448067463
1.4160761650223828,7.852950183831102
8.546464321380945,7.599223654049971
8.711449644869848,7.632413814016151
4.414230573213991,3.9545023893757323
8.270772829931305,7.5282489547651545
2.3043841678890447,6.147879312090047
5.78069592825653,4.524026637480691
2.5616547271492154,5.681538208026101
2.7196336700418486,5.614803531841592
2.4901683485283264,5.753247018040955
3.56031368577609,7.70749333324279
7.221297879737395,5.212306230526975
7.113285587854382,5.027402190276074
2.0790083996034867,6.958208405519024
2.1544665731553487,6.817779817192884
8.018268387222447,7.269099023197342
7.256089357473146,6.059488410633037
7.390726527723879,6.107837362989088
7.454806136961385,6.206626707014585
5.307522321279211,4.458141279635704
2.867012303360048,5.606324509029344
6.5326889395084144,5.839507126177187
6.503778506296595,5.666095193006661
8.0381966163132,8.20068173186612
8.070894034096652,8.362889288796959
6.110496112077765,4.791717435214259
6.213990779817817,4.860266560079662
5.992194819712525,4.799571290804797
7.595783701374669,6.179320112875489
7.676358695495045,6.2588316976076
7.626724762315675,6.361494415790657
1.4962617446424071,7.754410382801638
6.505472017985429,5.2187154720719136
4.937806849072133,4.134782980573867
1.7818306784013116,8.534280530956918
1.616459741802182,8.645172610112786
1.5526281115223024,8.526300358185752
1.8416026652719246,8.440604247726643
8.504764526758722,6.6390101001217445
8.223481675907735,6.180278128108003
8.088713248394276,6.336804148890829
7.967087508236024,6.333089093426107
7.857695409150473,6.286295673624379
6.643633946842782,5.88857412758664
7.119683792257495,5.7760859512680405
7.1025104119368745,5.894069457302233
7.002194725236282,5.902231117029413
4.355947853888212,3.732776576074892
4.298275721662151,3.866361454234035
4.4219285028216015,3.648858354106756
4.31707273222877,3.5754175374769477
1.2642410251726937,8.029028587770808
1.390297836862937,8.107790700920736
1.2933942328271906,7.916355707868585
8.708706476750374,8.038222737323482
8.756961543926659,7.903346770772925
6.34565746645049,5.005530565683559
6.344364957556891,4.714028651677703
6.341292375877547,4.830732287927993
6.1259627325430195,4.686854679160062
1.6027644770912735,7.635092746392904
1.7120695041168739,7.6833762871745055
8.576722117885788,6.280590045863394
8.60541324533179,6.4517744618093475
7.208538146956701,5.7135955627954536
4.6366405556192785,3.645267730691627
4.765690307386251,3.705554585741005
4.474436874522062,3.7840157112550035
1.9404788364917958,7.172280600565527
1.8459439924285532,7.222251631650939
1.9872893184614464,7.434393553231089
2.0424068062017406,7.053060556767547
8.646660908197374,8.30837013843197
8.739307455296316,8.370114410449329
8.741823916765455,8.253552688933251
2.033453588459318,6.646558137606854
1.7430495285911556,7.081033261950888
1.669192766317429,7.192468781028138
1.7810730010410507,7.30284428006923
1.8490976441362792,7.1153991240899686
8.526874947949254,6.159427774442603
8.305457266289304,6.086770962932308
8.179991277700342,6.280626570824997
2.7886746126532813,5.48940177775146
2.6006752515090255,5.538391412660511
3.5596662691361436,4.369095454481916
6.31349562987626,5.251526429858047
8.104402458958328,6.092571846321822
8.177005953067681,6.009142185739411
8.055516219130963,6.180810621315628
7.165237004064248,6.593510008657938
1.84053997439013,8.113416008667734
3.1488861405322313,4.9651042027965016
8.683113777166934,6.574330108980548
7.389944690765541,5.991156587012652
7.065448802927398,6.090242679455572
7.245879899555962,5.914114815502781
1.380511875618176,8.264314012226118
1.3258098078621028,8.402432025664151
1.4270077340269698,8.518541438332639
1.2237272125590446,8.273776285936844
1.2692989977153317,8.149456570472264
8.717411808518275,6.2943614805482255
8.725132045869056,6.21403929654776
8.626087478557347,6.100827275275915
7.22368592440656,5.562052983119718
7.041861110656656,6.229388205937019
3.603333939461727,4.196883150267526
3.094033171415526,5.444755194194327
7.308636591386737,5.739796540718316
7.33525261544383,5.626330347711557
5.727066676945292,4.389912705673117
5.867164723205285,4.615854168266958
5.8791555697457865,4.388513641721845
5.942883992381415,4.521029173218661
7.969560100490902,6.491358663678231
3.8740891522836205,3.4551461120075766
3.984336315146937,3.4175574225822913
3.778350631954654,3.5089332294455833
8.091911610539345,6.43722314768268
1.8571289871516496,7.409880602248644
1.908632063278575,7.521678625844504
4.285690283952684,3.4786782428985976
4.11664423368444,3.471719497920617
4.794209350524079,3.570964486813691
4.590302948006815,3.4541385120974484
4.530609042448378,3.5573073048018182
7.051192833187228,5.990992051104258
7.231712642202842,5.812820884721779
8.210119612678826,8.23050830483342
1.7977814598021502,7.503521481062337
1.8324231568460159,7.621049935021157
2.0646821247123426,7.498879031612677
8.112143217669981,5.830769871818087
8.0093710442519,5.998204880274253
8.304899737324456,5.92019818400562
8.246276701660893,5.82459314620163
6.372300197843108,5.136873585036528
3.057428089639914,5.3713894800691975
8.678166031132347,5.991355322968003
8.544604785979034,5.955225418317912
8.809355089335355,6.091499830160316
8.451066927794951,6.011262075131014
4.136686137051004,4.267056603102928
5.459404853374973,4.1006282826883975
5.293599522839663,3.9991179024194
5.4039125943114374,4.186466843849669
7.440568103297279,5.555140303206723
7.437961520695098,5.774301564831162
7.249429342762187,5.451517531412172
4.206619721494291,3.319764225847222
4.069576746034587,3.3452068930137444
4.691026044292613,3.329887624254052
4.439678447562843,3.3851844286821926
4.789456637681222,3.456817937833998
4.405846626606629,3.479864673414023
2.113094052468152,7.962725318327567
8.544745096564604,8.667369892876291
8.603969405413526,8.523255768055947
8.421844361025919,8.643267581930761
3.669880603187328,3.723856235852502
3.659990496218144,3.8827715733593084
4.806871950388635,3.33556962024557
4.72408871735304,3.229294404335076
4.581279071266815,3.216914500084841
1.6883805034516401,7.330385979544261
7.176894090027169,5.325045963405537
6.000421957607035,4.630773549308627
5.834380012600582,4.72192581207865
6.907495655454967,6.138604466625176
4.11171013514665,3.158724999818306
3.9822846006118686,3.221471780561223
3.895607448722186,3.3484701799492953
1.9593999578976296,6.481689099478012
1.911187929344754,6.636412798518052
1.8556870268413876,6.735587595248463
1.9252471020516813,6.810987294824834
2.0512814795915406,6.531286142068241
7.151870143434843,6.015045638547511
7.389920170897174,5.885927214628613
4.537345284604599,3.660373789323689
5.100641455974176,3.9904795539079596
5.050479694806139,4.0799348837663425
5.168436214562025,3.910591171104774
7.862290271471328,6.095744469173465
7.968860923651492,6.120622524252636
7.750711979448109,6.123701969758788
4.287472303081829,3.379501134204985
3.730377933779471,3.3515969674002126
3.6282389183218298,3.492798812424435
1.683263569924857,7.785085117096282
1.442302003372098,8.67813294261102
4.668693561425997,3.546654211924114
4.958428029181018,3.356274668573635
4.886434249066834,3.6263023711470113
4.956188934975983,3.529624994434931
2.241655865658452,8.856108807767185
2.2407149140382985,8.723784505244467
7.483624803150655,6.044033753625107
6.952471620015295,6.049225743394475
3.545171222663183,3.6412510321386304
3.6008962873575783,3.7980694137059396
6.523394303036376,4.710686608471403
6.345709065957145,4.584424821618215
6.244736219112731,4.7267242821689495
6.454976783795258,4.604503170981451
6.440472676024172,4.777644471641944
6.570978617737808,5.746025560618162
7.4825559199361775,5.654003295681086
5.063199141734183,3.4363325499790696
4.957545696507731,3.255624694656741
5.119711320838595,3.2805793311877642
1.9658015834665832,7.610363922968188
1.7424375000131223,7.418256473434785
1.7327886569968656,7.582080397291588
3.0043008739423445,5.575159060939838
2.0423681437036887,8.61190175915384
8.17174823453983,9
8.157570274101271,8.861965070067464
8.259189942213586,8.91425678128813
6.155472972828835,4.574692840406571
7.516526320923011,5.907371541131751
7.583338858433616,5.986510198385214
2.9429963134957093,5.320250703763085
2.9456250762930347,5.461758843895866
2.434831029733459,5.451232611349324
2.649145042794199,5.441950291593206
2.532131290267725,5.413047877673188
2.4160135458367127,5.576040002830026
1.114329918794386,8.027141673151219
1.1622499283524035,7.9072994225592454
1.1590119503129486,8.174346248133784
5.043143115779898,3.187599793834575
4.578268580796988,3.7523937219350856
4.946830222602712,3.7605061404673115
7.6542742399697925,6.085570293658324
5.21280481921732,3.7549918312153894
5.079940968127792,3.7737870464307846
5.05671306987,3.8978123573884855
8.7922459966323,8.564205855822063
8.644576396205402,8.659777621662426
8.700997275477725,8.47976993992183
6.054745568337736,4.360913827792322
5.767969073894056,4.244058636922413
5.913047499943997,4.238495834445124
4.994822632241498,3.657717277166203
5.11590712471296,3.602957498286736
8.732713158223655,7.788367591632154
1.5276773338166167,7.189134250490382
1.5953170926695701,7.052491633277247
1.50995733101804,7.293393297569737
8.725795476867807,6.439546536261403
8.718133614759033,6.766043735422917
8.601187061437123,6.694422621711305
8.856296047143406,6.587688979868835
8.821412919131557,6.493528994148457
8.765476088695365,6.6446059465257425
8.36596266618057,8.861582412638999
8.267849332704676,8.794350541233909
8.468490775705183,8.796898756078376
8.170308542487664,8.723382710046184
6.490072926182376,4.869225356917948
7.923805401311887,8.490869182706179
3.404383217432079,3.6644220282492523
3.4816023682826156,3.72906833025895
3.4121142032335685,3.5636645543212584
3.4950944221777296,3.486458068298027
5.560996565375348,4.1426297023353404
5.616327485612869,4.232553056496626
8.569355188183572,6.844841484507885
4.077326182735988,3.0442430207270665
4.30090679832806,3.105860899268911
4.1754887485462415,3.0212260621654785
3.9615906072073805,3.066812768869754
6.924700388734565,4.932347198204365
6.776603557051789,4.831779882023174
2.2888495954547947,5.8420386149233305
2.3008066653098984,5.713116650613272
4.410095407116995,2.956403058537005
4.375143617444126,3.226980054710071
4.2194316224765815,3.175802061276357
4.48037753813398,3.112252560861325
4.28510505693625,2.93376401386538
8.991299911519443,8.570994884810258
8.855173258875052,8.412665068647033
8.762443987793601,8.716565267324818
8.90832888779466,8.63932137452575
8.389668043262803,7.158482026157586
3.3989673248101613,4.57946004964401
3.439845024862263,4.4054243261556945
2.1392344244210246,8.71551331124729
1.9445936724738682,8.588363077356075
1.2792831705032919,8.547895204518007
1.1757061596558775,8.40767742241141
1.1730505816489096,8.520314509075606
1.8306201588687225,6.884021248134403
1.7413607212850517,6.789581333869815
1.947827942697353,6.919433804626231
7.834723716251222,5.92014883495624
7.969329502255425,5.850242568265321
4.29392084908701,3.97719418733801
4.615292983678053,3.1046448519549843
2.067745712764243,6.241332344925931
2.1578432850929437,6.117772679308105
8.85682861840788,8.174125425669953
8.923720259212809,8.280577688970842
7.365639512888286,5.477124493686412
7.316561604528449,5.374997569348858
7.585175142732579,5.809595999946751
1.7552348378741882,8.407096209292607
2.1249790288652033,8.872271109621531
2.036721280098421,8.766032525060899
1.3557131563086298,7.771390076078318
1.356006497578385,7.662492666643944
1.4894029530114519,7.649878929994534
2.4056410146459544,5.305078032368949
2.2891673961033474,5.58650158301348
2.323407198915508,5.386079052648742
1.9644419435458804,6.2395690544329305
1.9198412936721694,6.374959835957561
2.0502570459065668,6.1104017856534725
8.321868818494808,5.754814167188257
8.414811965192962,5.925228883105491
8.423895136877546,5.778625963288144
7.729739928958449,5.769863886150305
7.669855961338567,5.908573891844927
8.737398445161805,6.887487952982591
8.631964923001359,6.944155355780697
8.417984889730258,7.301537943973112
8.334153282741513,7.299965224968519
3.5122886344587525,4.249804765354934
3.4793138922238294,4.084485337099005
8.085545547241258,5.93219968649142
2.426917082125831,9
8.48361895005899,5.695444936567443
8.58376306174499,5.791837638311221
8.384220550926141,5.659444146163319
5.934013338003359,4.08500632424928
6.02688217180395,4.166978504829711
5.834228259857133,4.064963861335895
8.372281612141116,7.45335942037632
8.565455260939446,5.557957220722481
8.63462702402658,5.658848006536827
8.363719302906615,5.543232729724904
8.493495856669927,5.851736008661137
6.388793806694384,4.427731971272469
6.4674601105306175,4.514840103844921
6.258709372975299,4.510255148879304
4.551000263910808,2.9910062535664843
4.3816037995428445,2.8514887474864494
4.543580617797413,2.813082060480133
6.575981783916043,6.220477551158466
5.754107740647323,4.147812821684215
5.892494127314694,3.9465086950515587
5.725674836497196,4.016770720893141
5.763969780204532,3.881364975964912
8.157205928245642,5.70949148376536
7.94659626882295,5.748752728330852
8.054062213534705,5.67527407763157
4.6482852267407555,2.9620717419285314
4.728268675829823,3.02539752227372
7.599601747622344,5.690531299004022
8.23825908902872,5.593270390024356
2.63612001055393,5.243494693915933
2.541710359625817,5.306652984549334
7.758579334728909,6.016474004258176
1.7568409223249697,8.645869924270748
4.940431241029317,3.119688094123339
5.084236240180011,3.081808816238817
5.220967442663538,3.1904217856172075
5.200398050683543,3.0799031213694557
2.81024540498745,5.335245101280501
2.8175395504777465,5.162576267230223
2.70189303038302,5.120875467590876
2.5392747570234526,5.188668684036801
2.596140539861498,5.083927494383775
8.623525064447579,7.044487514344834
8.509806304652821,7.052872382986912
2.5069974193852578,7.88075582289718
2.275740432641893,7.596916361819592
8.911123403247363,6.740076358134075
7.344333136245879,5.24721205356965
1.7154773443557774,6.667209602588393
1.6421093249452337,6.810626760652532
1.6865442469980643,6.97578859274159
1.600695211885046,6.648254033424835
8.253207505671206,5.514779443448015
8.453673064631976,5.486256767838625
3.8116744846863506,4.099200187899055
3.5362849203837823,3.997437707134264
1.5328144676558908,6.77071315057567
1.6001707414557582,6.912614794373084
5.413478048466928,3.9102885327331807
5.313897041861053,3.8364760676995404
7.208981902002898,5.071859265944043
7.402063896440975,5.138118474728947
8.526944036309738,7.221730254521152
4.744059184421317,2.8624827425131714
4.635552017865265,2.7662049981592762
4.818211721003355,2.934587654706059
7.94133744410798,5.598170373409939
7.824573151947617,5.820378613094902
7.797173595972529,5.667999269427591
8.729742329648143,8.153603639280835
5.2152109728891825,3.6438951988641386
8.434670251858984,5.3763734903043625
8.240416563831948,5.3993171841230465
8.334378002327155,5.442493273667494
8.578782074635544,8.828397052857268
4.852803633414017,3.2475832932216053
5.625923097369357,3.97032511375756
5.371165007457088,3.3134708626225065
5.401379816873749,3.2017559992128093
5.363469074399229,3.0874551657795997
1.2117871484192038,7.764029967216364
1.442964498117231,7.519043447554857
1.3453247736785259,7.544930679111788
1.188859665317557,7.577454038552615
1.945783479915569,8.836992767836815
2.242588693856716,9
2.017077485254136,8.9295145061257
2.124496591160099,9
3.8574850512209604,4.454086122499449
4.8972524241814375,3.4381605605154313
8.90674555202952,8.020256212399419
8.805699895738908,8.08375721543349
8.593238592979459,7.145552060423181
8.768997681924768,7.058161492655781
8.693919918031812,7.195469452572992
1.8062880706383093,6.590472267381556
1.6170847119842435,6.516767094187482
1.5185993410357639,6.9748836036152415
1.4603882158254713,6.869503234617305
1.4184431531898667,6.982636806767663
5.34691380394786,3.7214475007331274
4.827114721085173,3.104194939599834
6.028442791835027,3.800365163209926
6.056673315433533,3.9678848490786707
5.80925198547578,3.7908161080330713
1.420114394964764,7.366917514083541
1.2570013490380136,7.460112807893962
1.3388264973696915,7.384658149507715
5.542994445790425,4.028750618241707
5.655857133080635,3.723340968635405
5.922887662923141,3.783097221562641
5.831157453247466,3.6624731495130387
5.952202821525686,3.677834967947117
5.671962732445649,3.8265416007278756
5.4762152975079585,3.298364300677963
5.294869349034322,3.483047437492467
5.214962321162848,3.3746765730537507
5.448154907179986,3.4473487504639286
1.5088400473749581,8.815691792829949
1.361032211707186,8.609251574688164
1.3979991060975243,8.78266926645085
6.094473830136721,3.6627874575415675
5.913358283446499,3.5509024289653905
6.020281214860583,3.593578189092973
3.3727201272477902,3.9475681318217317
3.3441371920711114,4.067972229638061
3.373401220230364,4.205561182712957
1.2542653044144505,8.740908195349123
1.1636577888530435,8.64362291282126
4.31156324982593,4.504481744681677
4.502674602244057,3.294493594035539
7.132221747053049,4.9036423871969905
7.323697130093798,5.061532666491194
7.284960934980776,4.953372134726884
1.3785355003178126,7.074845884083742
8.405440620167203,9
8.496689950398057,8.948505549708527
2.403018651522887,5.6931939036096635
2.323629578444796,5.504280009659494
6.0831277501408145,4.4611566812556225
6.211068465926385,4.417298913378765
8.808591120869552,5.938617416271788
8.948508392601495,6.229125493274564
8.952619618146814,5.983792827782645
8.971407571601882,6.116533154765502
1.1221106517591097,8.30770285316257
8.830690190352808,6.766510562818743
6.431456482599631,5.2218514451165925
3.199461613928701,4.01281721603535
3.4722878032494098,3.919865234163664
3.2307025030680463,4.116877938064621
3.2297356421601844,4.225380695988699
3.259233575101396,3.9109135025295076
6.593137567571538,4.360250375935233
6.569410667385482,4.504657325623219
6.56614121870518,4.608043170848745
1.7045793581122242,8.813805445999387
6.50456038153494,4.411081090219611
6.762812109933198,4.5195235987947155
6.672190194539213,4.608188368665858
6.682162138770668,4.425927655694638
1.165445810620761,8.800693714195676
1.3555372770695362,8.907500248208544
1.2721311571619511,8.913721198891322
7.4127242917996465,5.005985877081956
7.5222051853380325,5.131942053682116
7.524302430816333,4.981235451139213
7.477130787912704,5.298047880496628
1.621365187005575,7.526999629176244
7.53841391043124,5.506324056272093
7.633171141151499,5.556084643643904
8.532916653968435,7.328330905952229
8.467607844498517,7.409982043740463
8.857939097859141,7.83710279080736
6.7800841745108755,4.384113795229616
6.767314539711435,4.264734697193714
1.4873572367584518,8.986796956782797
1.1746069530305454,8.959640466109361
8.408985945051253,7.550564895647261
8.454200180734587,7.657061457076784
1.8810021901579257,8.671154060260882
2.6798511060503136,5.343889923637337
2.7372066689115635,5.247506631648194
8.711674248383014,5.827630389770003
8.847035148383208,5.806313884676621
4.924869004640336,2.8695146558585463
4.882398492141405,2.7457513399070503
4.806427712963953,2.736418835062637
6.234610510249194,4.314292692629544
6.161624912501352,4.236153780047476
5.551335287190643,3.842679596654864
5.71183512799781,3.638234242615135
9,6.679819786026842
9,6.551128311010195
8.920353113319258,6.4221856843684275
1.8571240901794381,6.988935040050445
2.09811170906291,5.996667820468295
2.24127466142669,5.955777623573602
8.84537377462758,5.687204564615085
8.969575225800082,5.8602371944266824
9,5.761416382894528
2.9745051987557236,6.633949192491587
8.861400694492938,6.955390963007333
8.921900501024403,7.113603114188633
8.834231305887215,7.181134369222596
7.22407281278015,4.786939160683284
7.13372235941397,4.795388843639579
7.012819772203353,4.756222145006951
7.450976596403067,5.4246807006587625
5.046430579183976,2.6540497355457595
4.782458451356436,2.5887119914681067
4.950302679128603,2.5786752778420863
8.128478508996219,5.438295530705883
8.088485707828992,5.578056194170046
3.5414300184093666,3.298851737859513
3.4126656485043463,3.4100994725146734
3.4420279808147902,3.319566421020974
3.6079042460746256,3.3755579855643147
1.3487609419225497,7.199997500355287
9,6.802069043263103
0.990520928178422,8.716981142114323
1.006934077820499,8.896167328170423
7.592450090660852,5.313311788610458
7.6305642779116925,5.422955141085222
2.452719222171123,4.977624825454374
2.4155249193145925,5.1208672265769195
2.644585728979723,4.946148786828022
2.750198642161421,4.986185277691357
6.520552074819764,4.213563802494868
6.432158120402033,4.234421509315609
2.910897849471529,5.12346673301748
3.0073022247545906,5.2097390579446055
3.0486391273877134,4.966876448708528
2.961126354125628,5.001816807997665
1.542490598861104,7.424757172784468
9,8.750679878269635
8.88766764646817,8.73922514246733
8.968498731301041,8.4826324968458
8.820560662504004,8.81638436913057
8.638445862913152,7.298362005018115
8.528580066110644,5.312538749011445
8.478332462391949,5.211479475099739
8.621335922537261,5.365748374895538
8.327719596031184,5.315635636540692
3.692483443595835,4.983224683643474
2.380978417534334,8.39735913071858
6.879377131966647,4.8342157393114995
8.569173100071316,7.43190567794476
8.660331898195677,7.487339558631471
8.82868366311518,6.354452135358587
8.847199242743613,6.24535482405901
1.0348593339929364,8.148498232148334
7.309718799216997,4.868115066675962
7.017079281347838,4.870675742929174
2.2972278460326176,5.21477495139464
1.426191872178332,6.697993570151886
1.340778158656951,6.752372298101343
6.079687691348561,4.2598130890828925
6.329703207378131,4.200071512857458
6.235101571041935,4.13537094568211
5.276694030144259,3.276142960381915
1.2410698505087154,6.9487570514115795
1.2537682506981627,7.071353310029781
1.3453541821538828,6.877722395643423
6.130550402360725,4.0803588835691755
6.221590258432574,3.9950675222057406
6.339238753956783,4.304296412719485
6.365787716714739,4.0366758427148275
8.989821086582374,6.321327522313003
4.132960059679139,2.8278664224355152
4.28553046021901,2.7684404781650187
8.74372173099176,5.725856674405079
8.890105444648377,7.301539504707747
8.737914979626618,7.3545160018715405
1.103147757590187,7.487615576308787
1.0331908231536633,7.5784921505860305
1.177892496399955,7.390579062140636
1.1050317472240412,7.6685307745982465
1.269072074932286,7.6458177582516225
3.272286226506111,4.6526534442212775
3.320594650315069,4.419896827425544
3.298429332441396,4.543722185302145
3.3569019023482616,4.7103669459303585
7.448164960390017,4.91241234893104
7.427152980246682,4.722379332780368
6.0757711968875,4.564845737848533
8.855959815217753,7.72073395241847
9,7.9272462932327326
8.979777437842797,7.788985795302443
1.0458969107109128,8.508629003512338
8.776102028731444,7.281944238750669
6.63500282626314,7.168084310410464
6.501899984112201,4.3121047162069965
1.6944015044082419,8.046688605936351
5.954047357995967,3.4324908209559335
5.7875019411338995,3.4970744248069647
5.829455853435143,3.3995751064683914
6.082699666391942,3.4970657208826856
2.289220465094988,5.035823930056081
2.441787257585521,5.219128468313092
6.679215130010398,4.755829453587518
1.4141592151198936,7.2790865770582815
1.2407036198011647,7.2104000998253
8.941143506503604,7.406168423228477
8.960010465143695,7.22144066626567
8.83399244911124,7.41172356100483
7.5875654102914165,4.837749490951444
7.462814396200329,4.620473741765663
7.331506607078437,4.653286443629505
7.615752841142057,4.721141568304227
7.702942402482047,4.785906139701986
7.720065229710346,4.940045971684019
7.619552934606212,5.0279234103678485
8.846538161073797,7.632050866933969
1.3997284712983527,9
1.5944453269356595,9
3.276585436069636,4.831707622832228
3.116151822799058,4.861784251613688
7.573716387288485,4.630332772456344
7.433093908417815,4.512541032884228
7.6409242288909045,4.53501017947582
7.4783731167746375,4.811322247985227
7.328311395194764,4.764923685553381
8.659673957526625,5.221792369768632
8.716004643855833,5.4461451809053285
8.813244430114745,5.3673743762216635
8.542785547882849,5.431197147137462
5.467952152156363,3.10146171959502
5.296349004266253,2.9145442017906285
5.52826035613164,3.000942104048202
5.419758994289819,2.938995273251999
6.638524591170065,7.066015306341453
6.778553337955625,4.692589150660356
6.867707263826823,4.615385864174382
1.038874335646352,7.7945756823408265
0.9177988583442652,7.652418146668677
1.839264151542102,6.237423456027294
1.7840357090220096,6.350895740629194
1.7452235463439911,6.463934169677287
6.459612538483984,4.130133584259136
6.9240312615460065,4.486359205274913
6.889726316897894,4.317482982542918
6.664906312790049,4.224905795128354
8.165878292267136,5.295031945049654
8.050368527759266,5.357847478887979
8.290437133284668,5.211514362306141
3.252102439944515,4.934972657236412
3.024100315845389,4.856778760303988
3.1705101733855305,4.769426637846474
6.156346050417441,3.884570860891042
5.403031963149255,2.8259045329342607
5.209700459396974,2.816181394034953
5.119975410041882,2.915845687455614
5.2193770057304825,2.980709893525444
7.099917348891722,4.623069827837415
2.1531523782837003,5.823304502535386
2.174364299938351,5.691892463528933
5.61921862782784,3.570419307283491
5.639555014701181,3.42429815371314
6.582155328911562,4.802545778560307
5.940299750259814,3.2935203755664606
5.708239087500397,3.308415340261694
5.549594616788046,3.692947080836994
3.1523787616393886,4.590428372025668
2.9880439840632564,4.712417039476889
4.908232934635911,3.001994610781377
1.853371983997466,6.491947518935377
7.59274208614767,5.2310105130132465
2.849253274371437,4.823315658067568
2.7216625425149754,4.859018638980848
2.809885776407533,5.073836432129318
1.8445786112537845,8.80030184782859
7.7408209117198545,4.678380101809259
7.74358383729403,4.552109410474588
8.97717554014636,8.367028445907222
7.854123341649942,4.7987382380759955
5.002865206098762,2.957683577146769
3.9214987270879615,2.9015804041954727
3.8260279544465177,3.0321640487370107
3.8732546601649993,3.1450146363290763
4.066916726299598,2.955979345951795
5.635624103644766,4.073141348094846
7.726066628533949,4.402752989710082
7.599734216969659,4.436796358459109
8.94124374301631,5.454806658669204
8.795685060886637,5.543321026809057
8.887619112315262,5.282110660293433
8.834179498881928,5.19623403211954
8.721579116360559,5.326397839119534
2.3593250561642862,4.940835002152293
5.583834922924168,3.1516627009706877
3.2039834465575745,4.415757254807196
3.097910982390207,4.244406855609148
3.128354081656618,4.098542781597622
6.1271531043484515,3.3991413948574176
6.0502847619040185,3.2971646518706974
1.6133960305349553,8.839645249740338
3.0595595301647,3.969348243926784
3.175692936586019,3.8596809925806492
2.5527195766703126,4.84003888392604
2.459680209167808,4.793484275791512
8.604108514021704,5.1361351119671
8.517724717180332,5.0417168279367965
8.43563245734226,5.111750144018158
5.56065549016655,2.825378694416995
3.8129845845093233,3.249046380200785
2.309896117865772,4.7651361207810385
2.4872076064259914,4.697292151884413
2.395470413415884,4.684856301298771
2.6347402093534726,4.714197017654621
0.859772819994064,9
0.8366992720194224,8.844106867027227
0.9734047692546351,9
0.9319711244824299,7.823075896220645
1.9977271662789868,5.981256841164652
1.9941758497838915,5.849513563288405
1.0229335943871303,8.358828085709986
1.0327943316793984,8.25471294941426
1.0813574091886602,9
8.746392578988285,5.067658215050552
3.3380943958060305,3.3246209654309444
3.3049056981978433,3.4789197510587995
3.3508231399759016,3.2379028279236035
3.3742669625625816,4.877228832163657
3.0897608388307938,4.469946378666779
3.055893504085298,4.633611709297403
2.9546748860827967,4.616945020229628
0.7342362755807135,8.969564608153206
0.8329798259769496,8.710839640495854
0.6786927793124805,8.880543311835558
1.9264642354832875,9
8.969107980684884,7.519028716452003
1.4721416226885167,6.498829272946032
2.470952844379671,4.584057686499716
2.6244859522473942,4.584131036677911
2.186454321811552,5.260374764317261
2.232077189533573,5.122795191551388
8.753648218202903,4.931765694317406
8.654106782426311,5.027892641791963
8.616996529361042,4.931472494826518
8.894362374112598,5.013918311696375
9,7.686352668292079
8.906428553661108,8.906753304485184
9,8.853766477539471
1.0987840844587662,7.0785692981359984
1.129225298236649,7.223692419574938
1.2729418015529743,7.306810702768618
6.2944068370306345,3.864213093718442
3.9242970920243647,2.7620428874829757
3.7629694711712336,2.8443163690229842
8.868514652746507,7.50964134160325
5.016443484780673,2.8035143974894883
7.751914137300071,5.360092985638848
7.689629346853921,5.1603571714115635
7.7745716470492985,5.249742797811871
7.0696176037483776,4.522658422229193
6.992999281326145,4.6326093432491255
7.202959636963384,4.558005398393383
1.779243609862206,8.952553591853944
2.853861257176068,4.930836065224194
3.6727611740409847,3.1884696583095833
7.345420850676178,4.511096460225456
1.0055933188959878,7.302809999824383
0.9966457948013488,7.160651744507573
6.078329829499276,3.18297197401905
5.854143908350086,3.235616560889289
5.409290772643118,4.013557092185067
7.8858323182027,5.376334572908253
7.892688644898279,5.300941957309587
7.8603019086937715,5.522510067323029
7.763546743064126,5.528870694051989
5.951852554144553,3.165573563314832
8.903245980693876,5.1174727774041315
7.824151492259035,4.92421095548264
7.796161911294787,5.062562023798491
5.385331105809875,2.6767196142477294
5.253045185933196,2.698090719899199
5.502862198613357,2.67395735344684
9,5.58978802409429
8.901517246059294,5.596895461600423
6.196121968707856,3.6207943317019438
6.2161108048203895,3.456953706919999
1.2878104066258471,6.610546993729961
1.3939048239734164,6.592417114384027
1.5204290523166155,6.588486367375329
6.257408997138035,3.7292333463126135
6.156668701798533,3.773802301238024
5.5808003005678115,3.3263673099154145
3.345413111249614,3.8470034537873166
1.6739947133896151,8.920277675385538
6.8055272722919975,4.16062056205488
6.584359925075384,4.069259927883045
6.750354354365288,4.052080294598972
4.058194902771831,2.7537741231175343
4.134304879258222,2.6812808828753214
1.2195633117010938,6.691544627179257
1.1644747549848509,6.831227693550093
8.671109700043631,8.789375329911557
1.853801860501363,6.1140413998719945
8.74847187593087,8.942000880425468
8.95625899799349,8.995131691304072
6.3224651353772865,3.4795868938442207
6.372350930723114,3.6733076713449218
6.277578151877407,3.3159787644162515
8.768454891025046,7.491866269463885
2.8682085877977617,4.6743278678822255
7.97590388146117,5.458296518437245
6.703277856534751,3.925146625142301
6.525367535188932,3.9857236865541115
6.673281505474038,4.120974441873977
0.9275169329198153,8.28051262974053
6.1697453985843485,3.2273474907333823
8.9924327526104,8.102757269599218
2.319744190494421,4.58741760101603
2.226420043130373,4.647548142534627
8.684668188430896,5.552685787307572
5.413823277279136,3.6387194088396093
5.507921023864722,3.5428239315238046
7.04054295841676,4.388515627812039
7.163508109700639,4.384650546311779
7.182345221554134,4.681527695203944
4.5874229793848,3.353618038619468
9,5.235637791294705
9,4.983980272819631
3.7329638944552532,3.0921413903613137
6.00710208617155,3.0394684673806664
5.803122348478229,3.1395098145647213
6.914336220477532,4.7127413029880945
2.9715761001028653,4.48754190261454
8.839046793589793,8.991979879152693
2.94526820251127,4.112296919564545
3.0055850914078137,4.201482625657065
8.894298574206237,8.550909788466448
7.666440197275568,4.249437057937738
7.474660736095358,4.383980517034661
7.544150058720387,4.523708472232758
1.2849308123996113,6.486380445476318
1.1076184597596879,6.6786650918826975
1.1789003804734666,6.516797038637018
1.3833144101052497,6.436311211535374
1.0910276451387255,6.5759985105877465
8.475547397700474,5.585181953336293
0.9243813092197127,8.619016458422877
0.9323177924460414,8.80087231218966
1.0544618682286135,8.612679810803542
8.583641698761994,9
6.93893075710108,4.112291464264356
6.911369638725539,3.991413566865705
6.966012552676479,4.219882832577956
7.971901182134043,5.2300877773775785
7.978364285733821,5.121068272202427
6.348732217148044,3.7798188241721893
6.450788126245207,3.7748824663306437
5.82666097689341,3.0161365639693574
6.082870774665911,2.9099398299448715
5.943988894698085,2.9377171027980404
6.103991271345083,3.081640764437529
4.1946684826712195,3.9231534269227186
1.2288810279242697,6.389683771151376
1.3608405589246588,6.3068997900764705
6.300670570032583,3.0949151217984685
6.1667139231428925,2.9903111935076505
1.0463934337489833,7.922359879579033
6.407047450673583,3.9472280145776146
8.083472317434216,5.197680111242425
2.870209591760814,3.966264148794161
2.8447800303929918,4.199396249734805
2.9283783811933524,4.272807837203657
2.7813295732387733,4.0178912006154475
0.8543128644349218,7.499221270901429
1.006130746603235,7.459581020898352
1.5904820519926386,8.74665032371154
8.218514180051438,5.1126256473909235
8.343333459887772,5.125448466862209
3.271827011810209,3.602754004765961
3.257112251539632,3.730763214811824
4.709050037373528,2.659935372801454
4.878892561087841,2.6334274189459075
3.3581968272567155,4.306757145559462
8.902731469883008,6.842306913978798
8.974912417533861,6.917272979571836
7.872057607120858,4.662287397534159
7.853269037047949,4.537361231047522
3.7375210683941673,2.963956578573553
1.8286734093342654,5.889190319960489
1.9253126487389445,5.735712034708973
2.0296886419391416,5.738130547906525
0.7078823637767231,8.765160054522987
5.431224986863925,3.7998833678169692
0.8487311564322588,8.130678371498886
0.9718602807108252,8.059279392233892
5.197992440259415,3.5265775792180807
4.294278900023722,2.630776757706985
4.038760557940353,2.5364045161242537
4.153400117304611,2.5592547335666094
3.997682305329238,2.6378374632241672
1.0297878942885856,6.884842952584235
1.2666777943475835,6.851726431932553
1.008696639039957,6.76595877090659
0.5613691406668251,8.927919822425633
2.1327551028682485,5.007560996094168
2.0862434491472137,5.141399615466403
4.449853761650791,2.7012117835608014
0.9409875746463533,8.185645515280141
8.099876369527346,5.043644063249308
0.8753445678715341,6.814845890336884
0.9696758439711801,6.606603756700901
0.8656016146646952,6.656487500429923
0.9154066668373065,6.917854791801417
5.759487881227954,2.9328355644535313
5.861242135232042,2.8804434640910266
5.7161336961615214,3.071366298113633
5.660915244243239,2.9094395738124064
7.926918441875999,4.923636979401684
1.1260447887362792,6.940356483285953
6.593599250512488,3.841299688392442
7.880597980505142,5.151489901810644
0.9137469096771837,8.43588423341571
0.8729002611166504,8.529998993453338
5.307953370525994,3.591931490284702
9,8.208478257623513
1.0941436694955837,8.725956120887309
5.343579515844439,2.5606218383200146
5.459953957919532,2.546252134271955
5.93528343707672,4.709315946309081
4.726951014024817,2.4758307335326006
4.594737139886929,2.5471118154440378
4.395100780284255,2.5942356970209652
4.491431430128442,2.5285053393548838
0.8363289289981968,6.558387192802911
0.7081063368996604,6.548515331541993
0.6960097290399518,6.699718611848415
5.132308832090069,2.735816150685271
1.7576408508334167,5.729440993367711
1.7232380816142348,5.869617451573655
1.7509599872101,6.034470051722399
1.6686242112796026,5.97485105636352
1.8820063503238047,5.99058029498619
8.94711962720572,4.828381840845665
8.84490570966426,4.846182622418008
4.822376815434751,2.333116778987875
4.624632263062678,2.4169286297683414
4.711006591291679,2.298106882713713
4.845389364782801,2.487606322847307
0.9107348209896677,7.290175294811061
0.8264108452757358,7.394474546354463
0.7797407912671817,7.570784971630859
0.7598981820438453,7.758673702417084
1.4838288576912662,7.0777825001233055
2.5004811651471677,4.458984716835161
2.7381041827945185,4.612085485338422
2.792209469940729,4.5144621960471785
2.6616622567030817,4.457128310388807
1.6606443124597219,6.2823429640701764
2.742077238156318,4.751088931887525
3.4754339302354724,3.148851785841742
9,7.044204650942762
7.3210510888999965,4.347435900670404
7.242341978431938,4.464366837833996
5.967743388436856,2.8165763463844837
5.862326991400423,2.764680418001347
0.9094453419481163,7.0347075529192225
0.7382937746282532,6.921021198406129
0.8050095882065489,7.080925276277933
1.0310552556988535,6.9905184869163906
3.226960774731287,3.392360792434267
1.5789692895895313,6.356100426998791
5.859977223599356,2.6333859254571093
5.760395508080906,2.8145659620809766
6.002104611787282,2.6560871067199594
5.706466882340259,2.7283843674367856
6.451342155200472,3.1936638979010974
6.359489617294238,2.923945288713084
6.4263989227030756,3.0820660156597968
6.2775945332082355,3.194794732372423
0.8760507251625891,7.940738733059749
5.617499496078632,2.6484152024508845
3.8318339318226675,2.646794502352585
3.729503605312192,2.728824052913519
2.9836088576284374,3.813544422301724
0.9259504860489319,6.490024450793088
1.1026248614482719,6.4518638532607655
0.8189399966102637,8.39562954347522
0.7757636551903632,8.259010271016304
7.510583950174264,8.623431834776547
5.156550237631104,2.5494662305147915
5.7017697987175255,3.1759539208710676
5.625553212120549,3.2474638485383576
1.4934614589196327,6.214396346916133
1.6797414585665955,6.181765428212292
6.743671660060875,5.452197292804145
6.075808292672754,2.8271242741529043
6.222525707459027,2.8080040502875017
6.543493339914373,3.6351400866945442
6.288572584803092,3.5764762993927093
9,4.649341189155901
8.838002268933828,4.723088987206745
1.591421886492418,5.72847328071772
1.5628632359428087,5.854663768445902
0.8553324564181999,6.409056215467809
0.9111334148772189,6.291750366290232
0.9961705496299451,6.359454700601644
0.6597341741059226,8.359036182290268
0.6869124860388436,8.495633880077131
0.6748036378803091,6.450714349432882
0.7761677074926874,6.3109152924532435
6.480435840623906,3.5096343576643663
0.7027195618735026,7.596492021577246
0.666209829992641,7.888890707784334
0.6587612614661056,7.786733119696982
0.7868438869076206,7.86037506238087
0.5623630235316691,7.764807524209517
0.7670052300084499,8.622453962534715
4.567367140416385,2.6697735128182676
1.338106031151751,6.99866304004118
0.7615254066614874,8.15094816503428
5.089563054696757,2.4249542690376877
5.18884991568941,2.3718704365327867
5.247740282561246,2.4806558832679255
3.8165105197516804,3.6230660711876483
9,5.088990758509453
8.763671593638383,4.829184543269827
2.03228230599676,5.329323161646001
1.9616995808638917,4.989282369199862
1.9133077280484037,5.175214206598298
1.9579902086296352,5.090302718656882
5.296165088376014,2.2919738800045772
5.109604920589282,2.276671252954212
5.0166576178882565,2.3424875501696
5.3270992921039255,2.393485054919678
8.447730401052308,4.960373997463968
8.320175069867824,5.022069360691765
5.182866408693338,2.168389545539823
5.331730332319695,2.154322731114304
5.4191861898077685,2.2936490318016487
5.419097442236862,2.4432167772553828
3.074856105425602,3.4535977158912594
3.080962556694798,3.345557875006291
3.173748493280161,3.23119517026257
3.203732550876279,3.491100638553447
0.6220582035166513,6.628634806563564
0.6654844910157837,6.850124223838316
0.5431740018003665,6.794830281778806
0.7876012741732183,6.7591756026108945
0.5319593856370937,6.712913684559828
0.6146698809109756,8.692452098603846
0.5831729301441895,8.835902312435238
2.6070766551029783,4.298093884378947
2.7768501437572954,4.367996540189573
6.100581185043589,2.6127833683365433
5.8785751042007695,2.501378295728071
6.193317308683893,2.678571669971036
6.002168694403562,2.5235334453514833
7.424394716356589,4.275932608865138
7.308517942447797,4.24685678229731
7.137935816707883,4.308264474371919
7.342892812657311,4.155087969858729
0.7035093374346332,7.405750010051318
0.6387753184745475,7.503044179076193
0.6005390329005551,7.621753064251627
0.6768195679908129,7.693330009288749
5.718844345813457,2.5992297414910004
4.310324823105949,2.4937249193277546
4.471328586444287,2.416799529890654
1.5587214750731997,5.984213731593899
1.4361431674901115,5.857153226407682
1.4729726332047957,5.98743943827525
1.485797582619874,5.759255781540245
3.165777838522258,3.598495242583259
2.982599123247772,3.405350000056478
2.989624445305757,3.5343590186502576
2.8926354965130536,3.391439302974504
8.664237999070846,4.84161703434523
6.215031464420876,3.089205401944889
6.424302768235927,3.328026791690003
6.5649986476340745,3.2944980489546767
6.63834518060466,3.1849303688625077
6.355211502749194,2.7901933678038535
6.470153577753082,2.9192456288006485
6.320468715634861,2.6798563575275445
6.176829741389719,2.5393177506664384
6.279867005065766,2.56877837467271
2.2037412463569654,5.38820653160251
7.693763555539446,5.636063785477649
2.17539516537268,4.754952634598282
2.1385975895268245,4.518359475513054
2.043606248013318,4.685544289056359
2.2471739568758795,4.476730107080931
5.514245608557859,2.325829937129052
0.7438764676589172,7.300878374256593
0.5512925338112896,7.427334262882993
0.6487944751816971,7.242662086855675
3.5741475946180663,3.1091337649593913
2.2697630728002154,4.8767977556280915
4.978880067584085,2.4431168296494272
2.1681687152221683,4.903814247483923
2.056443137752297,4.87425221173526
0.8016943974370464,6.9992110147499424
0.8189022801854189,7.193675920434709
4.999804123720065,2.248054516864998
5.065573231252786,2.1356171180835863
4.82363543709864,2.137904803204103
4.677533432307049,2.2035958559895716
4.944206364937315,2.068800295076852
4.874398410169602,2.2282542186295515
7.194316691119083,4.086825339429585
7.163751406170001,4.186458978993544
7.4479842142589305,4.148718165926319
5.708963981555903,2.4859885550876792
5.604522196451419,2.509279514973594
0.6856372704988919,7.052160410738046
0.6306068341225806,6.9660919435945585
2.032291004853106,4.52065632848226
2.0588882944046625,4.352441539263705
3.0914555368215955,3.7074486914022073
2.8904717410648906,4.490258914555223
1.8490045584364891,4.860605630798511
1.8401213627089117,5.060332090993276
1.944620188577819,4.813292521101774
5.392374451662313,3.532397497821409
7.9485410446278495,4.581303040046096
8.000146588490987,4.77074694692957
8.047155067296808,4.619528673189292
5.049535647528519,2.5305106569777793
6.758201290589152,3.8126682528694804
6.659479037911863,3.7481461691854303
6.699736175889316,3.2918300298634313
6.583689515680876,3.4870207802158824
6.676404384360705,3.4139227877734353
0.5660248964397914,7.3009555276582505
8.5392488998728,4.7570430467589855
9,7.3135598994142565
5.244036715212025,2.6007231425237247
1.0790069585093767,6.285807710949476
0.9827900293403921,6.19859247465174
4.368167760012738,2.401414844211647
4.18754082241212,2.4537006204360634
4.233214715098821,2.335221848280667
2.17259653754289,5.498248761650333
2.0932500846282065,5.57433814937652
1.8944207370710482,5.648325207477798
0.513879723284013,7.550974798649854
6.727371178347402,3.6133589618480446
6.644612453850783,3.611434622888269
3.3091051904481503,3.045918985287095
0.7060690059264493,7.155098878534833
0.5183557914081482,7.045116988540956
2.9811741660567015,3.2531412816391625
2.852763886681206,3.520694531140058
2.777286099414613,3.4394291573506464
2.7926085711136315,3.244016062445012
4.180967234183488,2.2421538943462695
4.332222442843161,2.253498344113853
4.072655896004128,2.3913421962468924
4.050377115162754,2.2758444861750036
2.084011768974579,5.43267401005961
0.38694427024937555,8.871926990714739
0.42647709879444884,9
2.3760155595396455,4.442757376287904
2.6996128516699374,3.539373940374361
2.664621796999251,3.4399372798536842
6.102713644197663,2.47120027795767
0.5488134849415144,6.539821613875744
0.46719933572047956,6.602229594032849
3.4242415323917275,3.015326349421811
3.597891688606197,2.91429980067138
4.5558199957211345,2.2042861556098248
4.571384453276902,2.3077406309727606
4.6647873970880624,2.119153147740416
6.507680561321306,2.7639459697555453
6.460885323556612,2.6539517914039283
0.45444977262513475,7.848228148163098
0.5066586799340821,7.946050008143024
0.3719909272318135,7.7145753706386335
6.248076038055599,4.973563006414801
1.3504569244285023,5.778925090566414
1.369653635939992,6.0422075487712075
1.3100631993761114,5.922436836770057
8.681390848244316,4.6567501295524405
3.954116831681544,2.2356727497405475
3.8997445621214344,2.475334140681653
3.899595162786793,2.336344450229132
8.362003213714232,4.789587989538843
8.300975387247318,4.941248536113363
6.2665154218906185,2.3835834180884348
6.349525555783052,2.494109023701902
6.1294283123367235,2.358770102588134
3.410013957161132,2.9017378893737535
3.2633145164291233,2.8810051891300947
3.391010567201287,3.122300197613147
3.1993882188628184,3.0806147514233144
7.826767818653707,4.33661200789982
7.77349263779766,4.24783819592813
7.657880220506155,4.1321329608681605
7.5403820595839175,4.095675797308331
7.528460393184931,4.235293645011441
6.467207957720501,2.5246441547788794
6.5860733188455205,2.5087261906117244
6.593553559410063,2.680251169280701
3.006625233615866,3.6397007677184154
2.922058895113086,3.7280616079713798
6.646338500629328,2.8894788971595475
6.652861885513009,2.7688512226469286
5.439066091549408,2.1880491740830226
2.7554701237956354,3.636134419140316
2.730420782841066,3.3268188287478404
3.033290404496028,4.345031758559568
3.552920035757603,2.7728001117890644
3.3500612799107015,2.730142191459654
3.426643264771877,2.796961612974083
0.3756869562166706,6.664548787525464
0.5309045367785875,6.906930561863104
0.42403887398170187,6.764710970597155
4.086310042984363,2.13669974003555
3.989599731532124,2.0963867022195717
1.703142077684918,5.604251822565352
1.503305333115425,5.660304338768696
1.5111093199923853,5.550083850277463
2.8249159169625173,3.859974189903631
2.714885346425099,3.8727366807445676
0.3513974418515804,7.9999693496526945
0.5553346536169639,8.102486322932688
0.43946160211542057,8.068953811178742
0.6610735387728621,7.999959751065785
7.014955236231655,3.9028569144665033
6.884008670657326,3.8152574537138406
6.8107797568473,3.9051886167978993
7.066012338878489,4.193845093127016
7.029296000241586,4.313175509134791
8.243412068499135,4.850818519117448
8.462771275169882,4.8616941544618255
8.120958410960837,4.881705441922722
0.2220442866551161,6.667426095235644
0.3456161687695969,6.488116136827251
0.21995075428054695,6.786111187960834
0.3127001165648794,6.85205093088236
2.653866367068798,4.046766154424848
2.95916514683974,4.0125582965663344
2.692158533142399,4.182833238610178
0.36099070678351347,6.939974900646371
2.2541102855551483,4.290452385673337
2.497948596502099,4.3340307007683165
1.3902195992705486,5.626946309972474
1.6148080476314295,5.616793008141289
1.4359101975176702,5.469957358434838
1.6647405012075827,5.4485510191799005
1.5563550898369893,5.382140829507018
1.938804349066872,5.462120289548442
5.820092979051604,2.348479339246122
5.98477306349412,2.370089017143253
3.6661666618988438,2.831780755686187
3.5981169025108057,2.6410140426174475
3.4745171621855038,2.6788549131080464
0.4766822571309787,6.446448545928052
0.2798762633989255,6.564529310027008
7.970186168211923,5.017578627436541
2.9326655395858796,4.376702637886921
0.4397500733264702,7.397243363323443
0.407560725000502,7.277117574228213
0.49479294968755483,7.218786958989097
1.7632258512189591,5.110884522099669
0.3538030806491058,7.1229709391766685
0.6037050249863857,7.152555722349486
0.6036943236131674,6.256289088401684
0.7753964631757225,6.14077597080562
1.8069406031663342,4.752215397573853
1.6845310006275644,4.763617359252248
1.7173218833244808,4.8814008584523805
1.7422762752928551,5.007818207152149
4.665166588831707,1.9624474074369498
4.752068077091275,2.0138983346820822
4.476125586468098,2.0888169077899095
4.517278423078891,1.9940089137059789
7.701190872223408,3.9534449664671825
7.82693280730886,4.151232257965746
7.612047046226731,4.001778843428479
6.509840651437713,3.3909456311372086
6.783731361008172,3.7065618235467857
1.3101258586648457,5.51815801345099
1.3899372990935908,5.348050819795364
1.324430870331335,5.431961612355213
2.674786268408258,4.374773942475898
2.760936076681181,4.26471617494502
2.517261261277878,4.163297304348372
2.603557235946785,3.2588277465598203
2.5698241867729568,3.37057954498738
2.688887296385417,3.1805094086400407
6.075730647736449,2.724399863780747
1.5032895295657496,5.302233341790116
2.0707828248276807,4.230614756124114
2.417720018004248,4.23124085254193
2.3551380733831513,4.1507675896078045
2.2265610884436677,4.1604496039995436
4.559554088416986,1.8908040164657112
4.84774240009228,1.9179589182799648
4.6374129497748005,1.786373311759583
4.7452692505236085,1.8543348670401563
3.1617287145757507,2.9647055224108922
3.2773446614740123,3.146768170519367
2.8040906927403917,3.066700491434704
2.5459930736819243,3.0780195157322074
2.6795389318279166,3.01711641058265
2.524809150735898,3.1807128162705043
8.200509026373707,4.973231094695872
7.753908738213146,4.038900504438178
7.962488623405182,4.159767772031364
7.971936578331996,4.046824659246032
7.917612596802399,4.259200691441919
4.185333214662355,2.05404832044488
4.323328715852824,2.1079759092896238
1.7458872796726137,5.351472037250545
1.604069350387081,5.272373176558524
6.173307358698196,2.212311983707881
6.0308396010895855,2.2373933451784227
7.595882939805842,3.898717498635883
7.885980010677582,3.97413442764025
7.576721713438765,3.808951550685603
7.709288520451501,3.8130860047410815
7.811480990061858,3.792298717151638
4.408846155538962,1.9037859802363255
4.3515276207967,1.9873963806937662
1.9426601899881795,4.697173243655959
1.8862128143649624,4.59834887997239
1.752233962900906,4.615317893048655
6.497622642476481,3.88260599979842
0.5245323319384982,8.750341736107469
3.0773056868485624,3.1122266339330547
2.9687007810861514,3.1330264342924683
2.878701418783413,3.1864093195286873
1.5412789318508815,5.187628748599472
1.3812323752410134,5.21937956831251
3.0770715332875698,3.886500201592329
6.705399021157724,2.6148293464008345
6.782245492730318,2.7251840340450277
4.452163501105428,1.7300884074376577
2.437593871509344,3.262339148465542
1.210982102054056,5.319985659606535
1.1553580810309008,5.447487204487081
0.24488225571020728,8.051888327867841
0.26837568533708894,8.173813211789913
0.2711384978727072,7.9114211271312405
4.578427450317455,1.698727352605837
2.816275510616705,2.9484729450292866
2.7066957267945564,2.915655981763613
1.948589661885304,4.445672942517074
1.8210407159041233,4.440352136945217
1.7173434779142882,4.504411344220591
3.637760930941126,3.0161961102963404
6.258792776913573,2.279981303389681
7.020180256142371,4.041495503086892
3.521232246015855,2.990950190257405
0.576725683249807,6.375470796245856
9,5.369893315938969
5.907970591220278,2.2317275027091164
6.15533350150859,2.1002055580733536
5.907621553714913,2.0853057878344723
6.0582271923309605,2.1208390026272497
6.78446611557027,3.0772362843540706
6.795371947634859,3.225058271105055
6.643513254774932,3.054144369816629
0.5939292073053827,8.279985989903482
5.209467007003064,2.056152452694975
5.201056882332838,1.97693163775699
5.056620688370855,2.0428206337156256
0.6582903445186569,8.131658038783135
0.7621110574305959,7.982329010575298
4.697623052991915,1.688661843600123
4.618634518428983,1.558644099691371
4.490361811015653,1.5522376495262593
6.570187452239891,2.9775323918769705
6.535396188077018,3.122358776081813
4.272196951735943,1.8499297185255408
4.154945589953957,1.967242372462063
2.4379893812694795,4.0776371795567306
2.5928379053241146,2.9158252353219396
2.629886929146203,2.8235894027536896
7.628365092230827,3.7162575582677095
7.441242967793978,3.834569832133815
7.470707973289714,3.6906285021510223
7.736554190203385,3.7055023058964522
7.4838947730110394,3.953613708354487
1.7132230533708377,5.20674262115959
1.818687619806075,5.241095021132939
0.15286873185279976,7.932664737635052
0.1310014919799674,8.133843055049962
8.414015512725916,6.120993263278864
2.0117346931419164,5.635792117305336
5.032835349264872,1.9446584580857613
7.9535911578408225,3.6909796561347177
7.920193994259274,3.832160862515236
7.799341973471103,3.9215844640078457
1.9163015695130097,5.32576065171557
1.5493044842475117,4.51370570189326
1.602080418202664,4.609161488180769
1.6058823134884228,4.359858620673251
2.801432620067836,3.7280494577352563
8.794638565861506,4.62772019975682
8.578586831849925,4.660476024989304
8.66740680159906,4.464823194183842
8.571871699001615,4.559681977843584
6.914976415294314,3.369432421399914
6.895088179809516,3.1840482151803746
6.894009534323699,3.0896650255032205
6.808508467195759,3.3497345151779574
0.6563693026462574,6.123450904683946
0.8149806667812219,6.043752688597092
0.7158952305891466,6.018022849501628
0.9217499213785222,6.095665236106858
0.8546475088951392,6.202885843843375
4.812920392252867,1.7634525308638793
2.0895020497435826,4.117532619669861
2.2971241846333608,4.001701070164182
2.164455444125435,3.982900932902189
7.9318988275791495,4.444987348933112
8.077274390186995,4.269560268256768
7.991044084509383,4.359634371102316
0.0535791217780133,6.7440391578855285
0.15641670960476933,6.548892621293267
0.0569336386713048,6.646371507822432
0.19848578356605992,6.916351441556867
0.2075144843099923,7.045121327760286
0.6872327132277986,6.357868315443228
3.708622206314366,2.353726004672869
3.789987273907008,2.2739056763160486
3.788031616474907,2.488554147369777
8.073682456606267,4.154350529491297
1.5882024329184807,6.103945535086246
1.8170864366177844,5.5368416709266475
0.7035245528196175,6.235048899499814
8.101222132267647,4.46685723502202
6.908502406422048,3.7135228391966715
7.035121066267967,3.7501298384155843
0.07997830287552998,6.895115508566646
7.114394499656602,3.8612624387376098
7.1208774392033405,4.011817901178744
0.9933856136232431,5.973959629274657
1.0273132329102888,6.095147620338366
0.908513126335483,5.993442198880546
4.331744260589411,1.7042574540347128
4.373759911215852,1.5976008216123898
7.303901438099974,3.9661269531559027
7.239260822336832,3.8677385880272013
6.240257303411333,2.0456599301736356
6.154440154242263,1.9489009323088489
5.963531801932304,1.9675331479067988
6.066733977730241,1.9771342427563205
3.322829708475996,2.9647385036834484
4.432465970229183,2.31472639083675
6.337506204912327,2.14160477780529
6.7963606387746225,2.4726140695442598
6.808557571075675,2.5796916738142954
6.698881722023004,2.4723720943929384
3.8411818390970787,2.1768668268453726
3.6441514520375518,2.1631767661627515
3.5048153553226986,2.8614149968780795
2.891415991002669,3.2892939382856277
0.6839694962013865,5.93394466818733
0.7921206668044476,5.9440485714711695
6.245772517135179,1.7957379510911966
6.330354718113523,1.893340995941998
6.137160621078807,1.7714357213610823
7.143285879331135,3.731861526160002
0,7.014822541471773
0.11360135416842833,7.002936707518451
4.55343629477707,1.400007569773322
4.670084265655577,1.396469506753343
4.791936485230644,1.5133692568895822
0.5876980296888674,5.9610069938779935
0.5470178804329386,5.816272545465206
0.8440019768095078,5.866284153247271
0.5464466816626105,6.062370529945586
0.7149897138336029,5.80266185623725
6.886215318664492,2.933839201394833
6.739311677659314,2.944945841979087
7.007867941680893,3.078036006203641
7.013099882096375,2.9558701758581707
6.396029202821482,2.3573980357808364
1.214406548208235,5.202926371969652
1.2472636954471206,5.104786468731689
1.427733941120397,5.089597733950615
1.33391023230147,5.046610637479717
8.473244284000776,4.525340649868545
8.551311343622974,4.427086621352264
8.754950123278675,4.531783035985216
8.410620667513253,4.630014770476935
6.737598715575808,3.4962283277789976
2.938011505481081,3.01173129278962
6.831204387571492,3.557934934038465
5.404500386977749,1.982048811771882
0.520878634525942,8.5225349219503
0.5595320985179693,8.378303797302733
0.6317370229958631,8.585513457962271
2.5992531198236657,3.961217096812429
2.4958592668173596,3.952394569594239
1.0641795810116859,5.888286957540127
6.741152058490694,2.3360574829035015
6.903890543795942,2.440268577087503
6.962373525277518,2.562262025045404
6.933544875926628,2.339742239171459
8.024680625833465,3.943962307890841
8.093220282052988,4.038286460400749
6.881631035159473,2.6630082137389093
2.177139258159978,4.379509284055868
2.521721249400296,3.47542952948572
7.612703578335376,3.611398806781829
7.71295155209238,3.536090177812403
7.834196004905342,3.656046055742387
7.816926427084862,3.550310613893105
7.353437151341289,3.729416287213297
7.34347403583302,3.8567801474886543
7.815090567905769,4.453796831605496
6.599114355863544,2.327888674507767
6.535906049057602,2.4071506872202564
4.919120261964171,1.7783057847341721
4.9617402985726144,1.8699789849815405
0.4539547610341859,6.31935085509048
1.8341360775360078,5.4138186081598665
1.6432801391569805,5.134241582260776
4.06455579789018,1.8600954304002868
4.03571512575967,1.9764701021413187
1.605256026816149,4.867953518560458
1.5133223894411916,4.720245834208871
5.327720993410027,2.051536585681761
2.58431091978664,3.7251959748153554
2.887373875171176,3.619951420623629
2.6480732129060898,3.62650247748777
8.074363033706387,3.747691296221776
8.067280657256712,3.8480944022573103
7.036840249836723,3.2186352320323266
8.133809065835164,3.6562602586721322
8.024182972852477,3.6130475567660185
7.9757258683903745,3.513166647625857
2.4268368475454762,3.019018363984098
1.6386349372695341,4.97703417134737
1.4027500357409437,4.5485339749273015
1.366960760571777,4.4516101709073554
1.4204731670632411,4.6650806917391465
1.4943659702524126,4.333666650879203
8.235699373571423,3.811544492847978
3.454552566549621,5.580609242477881
2.4154710677539617,3.1795475853163695
6.946811662527834,3.4770536820931195
8.25020363620219,4.724212231121263
8.124140481378115,4.795867478059806
8.219635637386842,4.1618951062931115
8.158615862575136,4.362867252029282
8.269316656892467,4.28791248665875
7.558264854150498,3.5149729670085397
7.474984053115888,3.6049710583289203
6.452072082071032,2.2531208051839506
6.786707024564073,2.833560658443107
7.247617936997732,3.707921756362104
7.021217274991595,3.611778947949334
1.8920914589571984,4.306249798816839
1.7493876144567446,4.31756747673617
1.3938041391107754,6.170752082632852
1.4845661418088805,6.102795684779872
1.477996906554596,6.315085906464053
0.03774888147023464,6.482724175538404
6.488143266093804,2.1238253936197027
0.23415273805617892,7.192771740538828
0.2838465421685136,7.388397280894756
0.20884585615418677,7.29524571599584
0.1237566001538075,6.302822268996383
0,6.311022505424595
8.282834862203396,4.586710729031944
1.646143489061598,6.434148129631579
2.366922185070392,3.859970542192617
1.2571720488199498,6.02115930305852
1.3002916149148296,6.208326059112663
1.204079308419279,6.124107958988806
6.9915924951186526,2.8435459154365677
7.140937350872805,3.050678686909208
7.146992618837402,2.819929345089652
7.186903272469796,2.9322397593093443
5.298107783084739,1.9497735199995407
5.526295923237089,2.0491597927928273
7.422266169029673,4.033301220702589
0.4016303020222733,7.6166585947337815
0.3777784747585131,7.484796852137852
0.4985184443505387,7.653599973231935
2.3522749233753975,3.392135395441299
2.3221299641280684,3.286290329645997
2.276933399914607,3.1783056037716637
7.582088049037195,3.391975405253194
7.673125470003479,3.3435906792364953
7.825310071255671,3.4310881810854243
0.3907314053510719,8.210075776738561
0.19996503929109233,8.298677391928052
0.14212072985539162,8.048414126637093
0.3005903857714489,8.314041907368049
3.354964219935632,2.5792068098846612
3.5412163413209643,2.522314535555837
0.09469190558080334,7.144144775150713
0.27811655073588165,6.287939479905761
0.3795660100791041,6.180186982671181
0.30903937752078403,6.384688508417125
0.479589920637154,6.207786279110918
6.843948650758235,2.330880194703217
7.026435222204402,2.4474969158940567
8.386386160160601,4.44653181287768
4.630578344336449,1.2212712756291753
4.811943421638883,1.357900881003263
4.722385841306179,1.2935420486086597
1.3250952359714607,4.737306358051651
1.2980836595080154,4.623684813676088
1.3651023613202593,4.830492513496078
1.104815767683763,5.189073134433804
1.1130775011616456,5.352596826048869
1.1099549533913526,5.078470803213317
8.893553814176986,4.581755955092356
7.192889864653242,3.5475440440534545
0.02479883583538517,7.893789734011361
0.018841982435337343,8.06127756219022
0.022207662727607283,8.206228732894507
7.9649542801496205,3.377163442988504
7.900490548621436,3.251332011678475
7.749154182144815,3.262860660588666
0,8.358464209751022
0.08610478403886823,8.286291707288314
4.444573038185239,2.2005542184445406
8.153505664205946,4.605345982837524
8.284343656638994,4.477719473094401
0.40078633201085984,8.344257767368475
0.5019909814826726,8.208766482584286
6.42633202370845,1.7921635722359848
6.094209888369344,1.6765855278650577
6.33143837187342,1.636001412952066
1.5493133260596514,4.96068315300737
2.1886506014243157,3.152498215731175
2.242569203911262,3.394701545499158
2.311771398894098,3.4852091498636915
2.146081605626763,3.355808280899056
2.57394012676879,3.883936699134637
2.676756736353962,3.7781467698008355
2.4778731965998517,3.717621287746578
2.394339390952455,3.744393439668507
2.5383725687665684,3.632003911623342
2.482084687794983,3.843233020409221
3.199698268018073,2.7394475129622116
3.2203019259184087,2.5995688025462043
2.424219162107807,3.532919183544252
2.4628933309240875,3.360559956589108
6.7444348591477645,2.17482267700013
7.028585895699961,2.277323728272982
6.919338299601437,2.2583323742087855
0.3947898156236773,8.476607686392965
2.016415774918566,5.225502280467438
4.9054161907351,1.6794444233774029
5.151702221663637,1.870792707070713
5.035689134282727,1.7901408827459642
3.535936385681249,2.3639171229438567
3.6675871357468273,2.4473932580814473
3.5989168876816104,2.2717904717389494
0.2660420630314949,8.997627695642416
2.4392877140708573,2.9197051807666257
2.1623386205362425,3.8631663238726497
6.58146282530305,1.837366856749127
6.4975727166876025,1.8881923880992315
6.568037855378496,1.689730462781799
6.413008673793161,1.9656620699679042
6.433664869817859,1.6780084107853013
7.005180149780724,2.714156233421296
6.898652423460238,2.79455878083827
7.068597230739907,2.605241873623323
8.470614062840612,4.314908578810181
8.36449649615759,4.319345069340746
0,6.833661533365913
1.1305406417086246,6.106930660473184
1.201872486283701,5.932768237802736
0.14641378781263986,7.786905172791128
0.30817289776707724,7.818434016080804
0.2583671961279811,7.724793793541771
0.10656636261721927,7.656799153408732
0.21135157514717895,7.60551663841443
0,7.7699082826189425
0.004074574681491472,7.661880865485017
0.3913841470611783,5.994435406970867
0.49224239437691936,5.949127990406224
2.7443766255650637,2.787957805606384
2.558569157479512,2.7531111961703285
0.1374761242921588,6.808859853772647
1.7996265356870462,4.239036581075461
1.8997064675525834,4.122833579427165
1.9522458692017637,4.215788272609547
0.21427994493832198,6.455578808323261
0.11506919391573361,6.407636211784633
6.5630367019960065,2.0442715989652114
3.518383282897402,2.2101617524097623
3.578387060569491,2.0789311477774546
3.7421321219168573,2.109360497341651
3.658401847492815,2.0118839031196196
0.7759059493008806,7.489393047369782
2.8430832707086005,2.844386246020082
3.4295560092853488,2.4768884164319664
3.298565556652617,2.45025018781494
7.17955030945915,3.1624739315238575
7.081924306938504,3.397128104407145
7.019246349856359,3.317974011770611
7.153277091779961,3.3032039484088793
8.857571474319165,4.454799734611228
4.209240626352001,1.5643193819103771
4.199456347867713,1.7115615542723843
1.3422324855664682,4.2678899629168985
1.2793628915094946,4.52385334715126
1.2648597672563637,4.405892143965748
1.400764542643647,4.356015338220781
0.2637737558934883,8.908501829249502
0,7.184442245672204
3.694258690750753,2.5590509519901317
4.119347674053273,1.775112805899985
3.8793665869427345,1.8773192115727695
3.983059855694972,1.680213350555979
1.1101187848077794,5.980238432039191
1.157308426821673,6.2189035264898145
6.602337225154358,2.184242582267823
6.60808352738187,1.9338947067219951
6.418603617252937,1.5108300615055787
6.558701601282482,1.5795974468956386
4.46629652540602,1.1426741557685698
4.726473327757015,1.0908233533450027
4.824510458808201,1.20549233737672
4.484486633384989,1.267509528162614
4.581369580375498,1.0466040575647761
5.300578433531554,1.8268718435618139
1.139123138571443,4.562357888591173
1.20885861925218,4.801766951689795
1.1918135768121916,4.6834187456025616
1.6117576061107493,4.1786333808953655
1.800239669339634,4.0988746322401814
1.711509430360902,4.169804194310189
8.707381294233224,4.358022026468316
8.618160658642765,4.324312433038369
4.020163506949594,2.8518124561072042
1.254994544596812,4.159997110292404
1.4641749636780015,4.136034749472442
1.1703582591402588,4.277654871005348
0.4092670075959993,8.686238942123154
0.3307773023714714,8.781051176090864
3.054097438319142,2.6039262483402092
3.1478182448931733,2.478372174909772
3.0252507158290736,2.859496519208417
7.407765594647506,3.48627554227408
7.413919539120746,3.3584278927250137
7.54485961994735,3.2577557374324515
6.712998351858108,1.9257216099453969
2.0095972195808423,3.8266290923613266
2.191156501345088,3.681096868402055
2.05221903480175,3.9853910012856106
2.2683647476489255,3.8780544853365315
7.578940635626449,4.336549982317313
7.299152018680598,3.229898655516758
7.193143906814776,3.423875277992369
7.258110041187382,3.3330354890917304
0.0004373428936967791,8.499908273736335
1.948698099809454,3.9687073158233046
1.6771019036152288,3.9872214475279204
1.7681880347854606,3.9035466860849923
1.8438043480453001,3.995718843705723
2.189614917496612,3.4840830353313073
2.0907719412940478,3.4498320934261963
1.950429121710701,3.3848781746630845
2.069979054425426,3.195911756070194
2.1949811066338594,3.256320224075078
2.9790828663182034,2.4226879494245255
3.2163956838913625,2.3613267502973194
3.0651024023421316,2.335284039195984
1.443154630855396,4.9247114782389145
1.5936454963221798,3.9175900672484647
1.6726680673580077,3.7841429414239096
1.7690809809796224,3.7426829833839586
1.9066199646833835,3.8322807632072275
0.18114108750243463,8.662607372384223
0.1585994710154082,8.772138327800047
2.3876407906666497,4.337750007167705
4.423723189273952,1.4279904863844
4.38877109713828,1.3008124188551762
7.30337061850829,3.0290989169054194
7.380434060864983,2.9469055860742275
7.2651401674792275,2.7571451004224476
7.288049918973729,2.8829023359967247
1.1735515861209398,4.4595211352787105
1.091052357000214,4.11643859350461
1.037930782051548,4.393037605749671
1.0244927854013328,4.20739663520431
2.086106365701865,3.6434509450979284
2.3158725938503992,3.615337682716328
2.294711818975848,3.7210756692830604
4.94005200629838,1.5325453702667
5.017552812129735,1.688997852295608
4.825831656309341,1.6110965717353687
7.235067420842403,2.6415900113336592
7.106746826755635,2.6986440090658053
8.945888819346587,4.2860567265654295
8.791172154990244,4.2681468550973
8.987540070147057,4.4397899215078755
7.358558947594519,3.1206996584100293
1.9757087648089207,3.6904831831504854
2.084808256146831,3.7507676001353416
0.13073021676485758,8.448307000131187
5.987204075484681,1.831942989204781
6.163210728840466,1.599724868319899
5.920259848293451,1.687021799571767
6.021331209012851,1.6076105772861735
6.060745426197125,1.5155265232115216
8.476824672679255,4.1544990334711285
8.341605264860574,4.169740293211897
8.56255469641036,4.23426075550684
5.077007251580039,1.595839062209189
7.3329375158499985,2.611452697826606
7.426712981028996,2.6970090642330287
7.149798049877599,2.534796980395103
7.404419887006078,2.5370384791273666
1.1337426846352674,3.995518522237368
0.9670699457141978,3.9918348956117184
5.659114231779369,2.3168469290149107
5.523381015964193,2.4349591433290043
5.586492438986181,2.1767207286364343
2.0255791468162947,3.3046623856857766
2.198397856394578,3.6033973739856346
5.8260921856755745,1.773428901968178
2.54543052803103,4.061138992430359
4.320044737501517,1.4813752472275818
0.9790262688037658,5.343196309176511
0.9802654674922524,5.098423023034238
0.9272339620201667,5.185696081348272
7.323694638814992,3.412305386303742
3.0498036619780735,3.0397543220081973
2.1650975418235627,2.9701980491828532
2.050911857645994,3.0562286239829164
2.26650547200794,3.058174704441977
2.3052218573490437,2.9480390221132478
0.9869020830482257,5.848087783319302
5.802807132046503,2.1446321260862313
5.738003288682601,1.9852006522289953
0.2325863381575338,8.434567252416995
0.2654467220421908,8.530481231704439
0.30462901000826303,8.65252460364646
0.5873282382363496,5.710246653506632
0.4373051436239254,5.764595871066302
0.4024818656422681,5.865338269448179
0.9557473901091622,4.5157041564127
0.9131623225098773,4.238864094229164
0.8609057413963563,4.459315049816759
1.05063372622113,4.567366725405637
0.9139332562188274,4.381527065735816
3.911961810078565,1.990094634283901
9,4.547280536400854
4.067007606162234,1.593862782423138
0.11483683434115342,7.540820850883234
0.21639482515989586,7.4914180731410696
0.8105458240963579,4.357392959171697
0.7621498600406716,4.45034795172294
0.7460236710418278,4.280216815422895
3.452790315440451,2.0431951904607293
3.6628129819622175,1.9079434258036712
3.494263246341729,1.9090705464017417
3.401314986830878,2.1345037129135087
3.765487834442631,2.011365735022081
4.90537636651306,1.3221078275115217
3.115491105902494,2.165822498868333
2.8943894807046924,2.3477587199701215
3.155040705558126,2.268695688903924
2.9677792614842256,2.2664783403740114
8.169601972137267,3.9147265963749858
6.864232650183027,1.9416133022045852
6.760994982798243,2.0143356598901025
6.711928225070972,1.7676266942855827
6.816571890446744,1.818497723290671
5.928559135387938,1.4667194885908992
6.078237640916525,1.3909230379533382
6.230757362742709,1.4973226602603131
5.883508752668001,1.5902463096782093
1.9567855137444903,3.492761649678823
1.9830504759141063,3.592457773507721
1.325995336789373,4.943610688029507
1.2244011214583073,5.004471046999508
0.1534392708818691,7.392065870449812
0.05850154242318398,7.454971449679989
0.7444860717686632,5.63495186135179
0.5582187082189946,5.556739422169765
0.4508755891217855,5.620349388213321
6.917950939980616,3.6110911672568986
7.051044846053163,3.530539959625566
1.1126251004191945,5.555263210579605
0.9946319838642824,5.506817627687369
6.097655896622871,1.866551274877661
3.4090565871594807,2.369760982803293
5.176108670722483,1.7505028856378289
5.173136549654779,1.6468958673142622
3.949765404481394,1.5040509434522422
3.9976559490044528,1.782254307322456
3.859272787723938,1.5892610273957946
3.892032222238063,1.7517341379335183
3.801184876882877,1.7589590863085216
7.128499856329241,2.3121134202873543
6.984082575263956,2.167324015408225
8.46310693329359,4.012408704562462
8.351241177020002,4.048933293481619
8.259187247528851,4.0501996214266525
0.9372776059709372,5.600172624105131
0.8846238922404,5.447751273216123
1.1410718329301128,5.822377440050699
0.9919864690609422,5.703986965656261
7.47253414984471,3.085050583017833
7.504704306450946,2.928437527971041
7.374768637733651,2.7934884309578627
7.501747302284403,2.7973314780690934
0.1437535687354978,8.89921529857008
0.09729586044856356,9
4.319514451108235,1.187809412673122
8.671983249757297,4.191398460920964
0.7653697104604263,5.388903774758645
0.8379801939320786,5.59034852963446
0.6952705413468856,5.488434870189492
0.8752198208419147,5.291660107306343
7.5261784742061435,2.5685950735918497
7.267008540958089,2.5112871462757544
7.3463533557431075,2.4474635969820913
0.8946472594444613,5.76209979341915
5.641591233321785,1.9297890132680406
5.703147251809547,2.116518830245994
5.835934128447291,1.8921087444356148
5.71520541048784,1.825754054927958
4.300755652926039,1.293820505965958
8.360190873643244,3.801291042503489
8.351065664855522,3.9299340164742644
8.283546144642793,3.660843992236507
1.535502024832615,3.7912472584518047
1.5586514008317547,3.625324541340205
5.2380805780068584,1.4910090947732901
5.039665822883672,1.491560579387293
5.13634936574673,1.4618384865912768
8.766478281840884,4.438713036449033
4.877108180365891,1.1046315697485427
5.021035637385931,1.1933336303798814
5.759046336224817,1.622223779928021
5.650949708551628,1.738454838108302
6.835696162864296,1.6194950038919127
6.930769779837131,1.807382583088218
6.893361701566753,1.7096101851602188
0.2649001861299919,5.80900566368077
0.36705904379913923,5.687953793104412
0.2840164486887132,5.9839627410276455
4.260251157086934,1.4008020836348738
0.9538580820363148,4.127060110949706
8.401493033597834,3.637053897349697
8.471019842598658,3.7302469834365084
8.459168863554297,3.872010759630903
5.361908145535976,1.7296747596984607
1.0528147176710467,3.9378625417041833
0.9062866635847516,3.9048088907090794
0.8389763083562499,3.988485357392593
1.0560062079589205,3.8130540642881554
3.342271041745035,2.268058270789616
1.2332828720327782,5.619630572229291
0.8835467664177714,5.005408229439452
8.954406048748202,4.123254934987302
1.0778779591354328,3.617010737250975
1.2007415952903582,3.837959736138917
0.9600107916858628,3.7536127359295333
1.142666258672202,3.697916860941429
0.9678381034786603,3.635288624066134
1.9033592242724988,3.60486457941838
1.7856619735341344,3.634224907272472
4.079694842371675,1.4727482279713549
4.973158356454762,1.4041430503875778
5.087942375585577,1.3550532774658062
5.442395093509205,1.8609130340673112
5.31276646827771,1.6282536249558464
0.745909698344916,5.279431974637062
0.7832660311379022,5.127900344735529
0.19511480129497288,6.00406671196786
0.04278058839687477,6.145142988553616
0.08117172416763888,8.613306626358282
0.011242466578661792,8.726005644862841
7.618561577235158,2.936105012563139
6.880384216843775,2.1653931243834
2.6097937913683915,3.5321025046097403
4.377493923580759,1.0147413404274783
3.0060804981930627,2.168340847420431
2.6161105961591216,4.142590773013316
0.06899142177180642,8.905224030940488
3.8145648171533595,1.465325850346574
3.690570049512021,1.4914646003617282
3.721849772214665,1.6198453275801519
5.109075975905455,1.2640469049801102
6.72206980098313,1.5996301765986416
1.5584262388390027,4.044123694276862
1.513791334284979,4.232138572278574
1.3369791043482568,4.096398280458678
1.4541644191225915,4.024026058698575
1.0131043426648294,5.012930276652737
0.6436745597137703,4.487553556720988
0.855202917536199,4.562374224696802
0.6839094537171795,4.385645920830779
0.7120273572005327,4.602221277877689
8.62417739344081,4.009556102868069
8.57261250712229,3.912836774342898
1.173086189058632,5.722846493043062
0.8990736324841972,4.660212958747859
0.7321505890859166,4.7187812532811595
1.0143426924727759,4.6705378619309315
7.063012595465004,1.919385016273165
6.966689828854331,1.9625782882083322
7.033545149119501,1.6705375499840152
7.060853717095968,1.8282080170774377
0.8123216876693118,4.170942889620209
4.207488687019293,1.084276010938075
4.369113587686644,0.8563710991231435
4.501923075667114,0.8978829677178701
4.237619969969914,0.914929299503626
2.7190972884223297,2.6911143457322826
2.465499907762034,2.7621344288552376
6.22525282930832,1.6933054904016116
4.134412906078034,0.8059551787205896
4.088971231467292,0.9914722144157196
4.298014720952484,0.7806466414708735
4.071434926576149,0.9054160635594337
8.68953059574736,3.7593247213168404
8.66650844614307,3.86652235291922
8.755269896184414,3.9327494377724395
2.8203835019889563,2.2386290700173834
2.89207498005272,2.483744575841354
2.7556527348874416,2.411281093056921
2.7514754490457825,2.331351296850487
7.669024836916783,2.775665833948276
7.615968409513317,2.681072032433666
0.19969704804063185,5.893057772527592
0.04255506941791626,6.021626928615538
0.23452886371190965,6.097354050248119
1.2220482862361044,4.061391299713468
1.0493582970720658,4.30644294164425
1.6889249557797688,3.660987699542486
5.787544514843627,2.25144470811422
2.3977848477273738,3.980168290948379
2.3677610166919423,2.787206410710039
6.901490848724888,1.5394954259918432
5.225534696108038,1.2995072356903403
5.181398960972268,1.084697071681592
4.942846376975551,1.2206921032247786
5.197094692413853,1.1870658867253863
5.248287018598217,1.400703838879229
4.178516347367126,1.3349355502591003
3.954739169633292,1.3492692243254036
4.063963165891914,1.3034442196771723
1.001999247047003,4.81378760050646
1.1440225356533666,4.887784767360223
0.9067392914064966,4.861683784187877
1.0902035346156345,4.747568501630856
7.500551275905075,2.357753172562978
7.489590072732253,2.4579710254249423
7.3434805959866924,2.2936366664856163
7.234360032905484,2.3241764654209938
0,7.544214460922973
2.4647827399494875,2.677657473166512
2.58071450805505,2.6537139510578154
7.618034197860426,3.0880951695070786
7.448122295334183,3.223032066965987
4.099243806641938,1.194692590569078
3.9291285725029814,1.1675548262969404
4.027136881641572,1.109528734277606
5.385503598299688,1.5222191018538134
5.474436380711627,1.6394941878670142
8.107443727872724,3.3903353438844603
8.118316875896593,3.275008817517772
8.003714039543912,3.2705396627882615
8.104024590984327,3.5112625642177493
3.599433413079475,1.511325764030149
3.5763097689709094,1.646570387231245
3.682807713550965,1.7951581779109693
2.4137942698884762,3.6377101381200307
0,7.315174098288409
0.10015128642959051,7.275206138333026
7.551361961121055,3.173783557681235
2.160589057707006,2.8795462371972453
7.75890541670507,2.701045356876324
7.635427688094122,2.5792014922784654
7.8083257055761655,2.8287296605743593
7.736975825620449,2.931355294698801
7.210654185325219,2.216139451517577
7.134927023124494,2.140373655924632
7.142478435855836,2.434341084793122
2.8848012877944123,2.706819962863457
8.575891123675351,3.753576842728026
3.08227260180267,2.7515448758118515
3.133524926741927,2.8683792099642296
2.252728865543202,2.7998749552852256
4.204299354199954,1.2258067333512053
1.99209395437998,4.076841173673441
0,8.829453935130203
7.6938988793203364,3.1803700138995525
7.940724561438232,2.8104596659753525
7.854785719363672,2.7393113396111004
7.897989026372503,2.908435490487925
7.814647321098294,3.013809501405177
1.4674126322433456,3.880729696654282
5.5458316374216405,1.8450058725993241
3.2521462194721993,2.1131640416558164
5.030273357855472,1.0447543353510083
8.060498393349562,2.918503945918598
7.968196564170596,3.011691024547412
8.06665538182407,2.8160189943557254
8.06887247092753,3.0858391024266956
8.098308615527737,3.181819689089313
0.7397022203660373,4.030608289370586
7.604677448399094,2.2985936168803054
7.542094927128654,2.21890877932335
7.588987961420974,2.440297063048577
7.428137657073914,2.2144975355642984
5.401459327634644,1.3380671461036402
5.5100263581256925,1.4602707888181226
4.833835173192723,1.009409337614348
0.6671084239617262,4.184340238555298
0.7347849275966465,3.911808367139482
0.6234512427407067,4.012489091618987
0.6200707630174246,3.8793062917736214
1.8314220071187401,3.2708495724077427
1.9546402556389038,3.12913624061349
3.8839578543881603,0.8672679805533087
4.010606430715572,0.7739559163832037
3.93821102747838,1.0427695504580516
3.09116975397059,2.064108675984401
5.80297556462893,1.4429919352040426
1.1155316196271396,3.525650374511402
1.2169028115632772,3.581756550368378
1.3021339735659374,3.6749321634364156
5.305664654408655,1.2334239842280645
1.8811684041636232,2.9454607109142197
1.8051774436045398,3.030608709396792
1.9937809009534064,2.9679186508214723
5.111173271554903,0.8911277340396062
4.963761630482675,0.9152048124394878
1.8418114593542665,3.4950093752405222
1.8000319257937274,3.381409569736609
7.79320877184948,2.599783235202659
0.9159345579347999,4.759632201137511
1.7526533705700784,3.518006882837533
1.6146826191290622,3.52311151029038
7.685553968489869,2.491659728246558
7.807762853057407,2.498689662328986
7.949461382086019,2.4935164197315856
5.5971944869524854,1.5706657325971316
5.656750748710121,1.4192059681491023
5.517926366695147,1.3564085557187773
2.901444792164698,2.6050765810495604
0.17149942919907954,6.1841096191175415
0.33449457707615354,6.081552867725556
5.255808040630117,1.0171864267291892
5.227038779990097,0.8987732779904289
6.786338198542868,1.4813690240014887
1.4289999962074396,3.704647702274294
1.3021392408512023,3.5243057160261264
1.423915049841359,3.5608583129237603
1.3730591159412058,3.802826229989142
0.8255211885264925,3.7941374153806526
8.424848267181162,3.5352208714902837
6.618662362450683,1.4547573208239413
6.5262970965863145,1.4143558825194134
1.7560612589851967,3.1964630137270973
1.7001659132392892,2.9957685764328983
1.7292444727449514,2.8534205706289075
1.8282514133780636,2.8352226856973473
1.8334484642642845,3.1307848307646706
5.977395630088637,3.8931223641829438
3.764605269986591,1.907696017356064
6.667675423500806,2.050866886246101
7.73384753064286,2.3706660778986843
7.71170311956427,2.2028174357182158
7.580136630933163,2.111585727534411
1.3285842639282532,3.9962923374946606
7.312773786793375,2.1059528094259155
8.264368555020038,3.4259391043973126
8.219719470840543,3.561710200725483
6.948465507552068,1.449085280762892
6.700092364945192,1.3304118268615732
6.873888209786936,1.333576180910565
5.3128862425353685,0.7779301710420193
5.328891097889992,0.9050706952311199
5.219313158309741,0.7566506695485038
5.398118881467214,0.9871285211922439
7.124741897117525,2.0492617546412872
6.922632660654352,2.065317761847245
1.8794329352983838,3.7284226081585725
8.149071848575845,2.9728412427429967
8.205845756699228,2.7978684690578293
3.4332473043837006,1.7130445958604283
3.4769112721138518,1.620605775939596
3.598924804520137,1.7887566425623957
4.086335290380772,1.6964685768245171
1.2447292018058187,3.4195158120734788
4.332287430290438,0.7029605822922621
4.416064931242211,0.7650359922412271
0.5999903111802938,5.411600490127453
8.270293405254295,3.9218919648377772
5.4676270616151434,1.7448924066815454
6.6294278526557635,1.1558083820170864
6.850297577046418,1.2337025394127528
6.5746767356766,1.3010099689969372
7.997902544286877,2.3464782370498707
7.917017958511244,2.347941223508747
7.984190428980178,2.609839464081105
8.133338089306903,2.465047076979582
8.044824111197094,2.4390995354752474
0.7942987594517175,5.73838941411109
2.1451995081978827,2.7510280230199857
2.2028212967910044,2.636783934062106
2.3136171379599246,2.687215887474563
1.5074667932927437,4.820478902264862
8.259910041550077,3.136430781979239
8.256834724668758,3.2619672854984265
7.17207733924786,1.858901286779856
7.254396792342414,1.9450027239003351
7.795046528974028,2.2584826131483626
8.8232826324307,3.659281588727017
8.845759619073336,3.8669776183510014
8.670103726627353,3.6397049859470094
2.0377660615555895,2.834995799525932
8.54271580940444,3.5754345055705903
8.323834213029064,3.5383280994431074
8.452274538669961,3.4315702874546843
8.359344240212723,3.382940820273634
2.074438450159418,2.661834997251831
1.9310228947521713,2.8293859200794196
1.9215932558033066,2.6842158983526057
0.6891091221458037,4.838854947083666
0.6147896762838027,4.76320409778986
0.5479928465986454,4.641708623448774
0.7942516394167781,4.79841285081202
5.615150313717406,1.2707608893686761
5.821659349380908,1.3369291975888236
5.759588585283239,1.249811977789164
3.8370233096717525,1.037589608284646
7.026557693153393,1.3728744790713057
7.016490742890572,1.2614593891531627
6.945074757446847,1.1824552396837884
6.737016463449485,1.1973066032462238
0.5292530533059755,4.918021063352708
0.7390858398487941,4.959907146549803
1.2625978815695358,3.917587897217084
7.943182859723482,2.2395098826690614
8.057355586960933,2.2657078647973163
2.789347004708384,2.574279742147253
2.6954352844772,2.503611967491564
6.261929065175506,2.9521954885515793
6.830316535508056,3.447361858232421
7.302853148401782,3.5355269118687978
7.347127295558323,3.6270018401830253
7.084895247223563,1.506673952369207
1.665665379185844,3.395690882806793
2.6073858487798485,2.3104930567345097
2.654398389293608,2.166570062018345
2.645508252893999,2.4077838581317987
8.828894240697,4.17173626923279
3.7784673876789205,1.156888587352286
3.963920348347648,0.9401021101935919
2.77646721598252,4.121322052193097
5.426775306611001,2.086430297378295
6.8404060932133275,1.1041957878900617
6.793673050080917,1.0081611133181925
6.665921108073801,1.046728138035251
8.732711863239865,3.5494631264732917
8.956189401773656,3.5199860757744577
8.946323223561576,3.7849269102016394
0.08138531605379934,5.909987198817697
0.12756479006696514,5.817541585672301
1.245974076218028,5.825355922557856
6.462745839271079,1.2742448331239713
6.498597906028323,1.201063177091758
0.5600360530837685,4.215232246877219
9,4.008090266230902
8.832075317729025,4.042364229327821
7.173618340782482,1.6162323886893328
7.246160719513424,1.465441847680262
2.3812843021576326,2.61001479858852
2.5777273982141886,2.524095813693885
2.4488794242725302,2.5128458992504354
0.6813825190847834,5.063827125469684
2.4961187704946544,2.372208401570935
7.676641627369378,3.4536319164451696
4.673672748520533,0.9380504695468317
4.483373920131469,1.021623777770626
7.769187138447942,2.1022325207396713
7.888817115541942,2.088262769858057
5.41713391190659,0.7971268357608919
5.377247338955862,0.6507273368174519
5.465625060497247,0.9051462327777677
5.140742673687592,0.6841963444871187
5.293279961659355,0.6705834199259321
0.7111848217891189,3.7547871224724294
0.7507054755257347,3.617691594636848
0.8543828707851855,3.6022144754039824
1.9229140051109557,2.5409502462366604
1.819942123983171,2.636414991849585
1.7440128111948225,2.7277263612100606
3.1830639773412983,1.9992778066038315
3.2932805014242392,1.959881119421908
8.226309668199702,2.905390497662003
7.98358742522109,3.153335224581589
5.346463450327749,1.0889617166477539
5.153478419906542,0.9890355833645289
8.234669051045133,3.0248157327823324
1.8613266592719695,4.960288852202223
7.279248546264007,1.7328613709638165
7.177670043871648,1.7542439953861384
7.293050539432416,1.5822067036742415
3.7822568936411374,0.8995430342271618
3.6629332496128577,0.9671733520966006
0.65179529130752,5.244851399197586
3.0488532052863313,2.50108199067328
7.867213246643538,3.1358183532531716
0.5890070267070695,5.0074943765014455
0.529371679622997,5.150419462923467
4.8735091741803975,1.4434698370194856
8.846988202318544,3.541046162899594
8.99816616129636,3.6320748964022003
3.4065482526991526,1.8554967397442064
8.577936133119819,4.113758663727291
6.316343117127317,1.2986539524462442
6.362072494819043,1.200061656602241
6.418863328998394,1.0818025550242116
0.49927240664880906,5.350073184000434
8.730046934032913,4.070979575989099
8.889474578908954,3.9587291187342575
5.038522211291904,0.6856646961074727
5.027308075555446,0.8068740327221846
0.4211568309950844,5.427354858665943
0.2927117592015528,5.524148691915563
2.9110405653307145,2.107651671843083
3.005401236079697,1.8853200397586654
3.1565588323805414,1.9049592127710597
1.3100584599770553,3.3331844557418573
1.4370779234992352,3.410260416705999
8.029747286201106,2.18356199403466
1.0392933513262108,3.4107552443501876
1.1394411865601308,3.333008864332035
7.405320684829838,1.4769202796802898
7.381473327760257,1.698369148192017
7.415780198849537,1.5764023270938798
8.08836298111291,2.570462500344621
0.5045090619530843,4.089907495597876
0.49398713930753324,3.956260532764851
4.566740055364935,0.8198790494409881
3.4909377804570387,1.4287034770541975
3.2963653321277,1.5921453272262498
3.34924135770447,1.7707495757186715
8.174193876074845,2.231604632983918
8.13138880649569,2.3632776505443998
8.183964142622667,2.115013849934466
8.060081879797153,2.0823128012218426
0.9706007025849666,3.526632538864593
6.203847431543345,1.3131393246271925
6.302792468475209,1.1142968731499459
1.7079808750212473,3.2928696953830587
2.2064890170395284,2.5309187929903483
2.1113688335029526,2.4918666532743448
2.878027291999868,1.9665284227896662
2.776241540547034,2.0109020648991955
6.30101814290893,0.9566681405082156
6.108583607917147,1.1097593868884377
6.172628920107572,1.0262535798503751
6.246041229209442,1.2189083046507052
4.810935552311728,0.9189937426124147
4.735399916276048,1.1979853638801412
0.9771776985238319,3.3102053234900746
0.8766998705321787,3.390832566865683
0.31146522751995853,7.027900824258151
7.753940625726568,3.0978864501733177
0.3824477380738718,5.278394060094697
1.0080063875359495,3.1871863707804806
0.8899109570180462,3.157861270879787
9,3.892101162134249
1.5583146036741837,3.297871970904201
1.6316167927812917,3.18667710403521
0.2581038594345265,5.673549502115048
8.500438968527884,3.262477025397098
8.404807741786202,3.2897182437453547
8.553839955747168,3.4037280613275396
2.5323297680004186,2.1896311018623345
8.300466518402136,2.289430072565939
8.27058373405748,2.46697056961926
6.3783241451538455,1.410193073995675
3.8573121009559985,1.246682562228605
8.55454928408214,3.675197776648744
8.665404012649779,3.4568836409077117
3.759619012671695,1.315019386424475
5.9549660670905205,1.2805870911461779
5.8937217571841725,1.1968158153790345
5.841545804827567,2.0011021148413977
0.3814956706563515,8.581861847830918
3.561950819419488,1.341364833086191
6.0850248861583625,1.2547344811705758
6.20876151274061,1.1237909260253038
6.150517458974649,1.4688135960636632
3.6323982290360837,1.0723899456078225
3.7454912963798073,1.0283384274466645
3.554688461227447,0.9317490828712951
3.501361371461893,1.0466525681116672
3.736296601299239,0.8008567335664656
7.460334496887064,2.1147121291493822
6.5225069152448825,1.086778517545868
0.229475834248391,5.340265943935702
0.359839150158114,5.1533860061815275
0.27906828923994936,5.175149241418626
0.5632065191773957,5.2582183674404135
7.2801144863889515,1.846776823649551
7.966019138918795,1.9976959943016759
0.7188052935740923,3.5307257844688307
0.868338580643998,3.5014336846641942
7.524718653874117,1.5502111304078507
7.515380401772854,1.3353385159407927
7.402836922129211,1.3549494170941119
7.561561204830994,1.450540143022429
8.770159157925704,3.410986019113917
6.4759300651874545,0.974260849306637
6.625046124048132,0.944276685233491
5.519881015661247,1.9461307386444258
3.2279718017572305,1.818772577648688
0.5482856210396541,3.7383114786832667
0.44083123265172514,3.8175748148664064
2.3337691125311717,2.392619278798752
2.2233277312246846,2.3430375052184647
2.3180464595416677,2.5075197974942025
2.412036200193389,2.2425051847762822
6.999768889929403,1.5754907130787974
8.06923279621542,2.7039346342934065
6.065007312522145,1.0189646606152243
1.465014940268098,3.3209420158867733
1.3819436992873373,3.2315045725751252
1.1990904239085212,3.209464011345646
7.115167348372467,1.2072562762532764
7.117182868064777,1.3172819276594352
6.319965483596409,1.5441451899864864
6.280890432335364,1.3998937739430988
2.9595362107258896,2.7744314673959134
3.6674617634032747,1.3204623579180619
5.4801084883117595,1.0831880805464957
5.4068042408891746,1.2348187041481224
5.594749687617052,1.0547174825041632
5.668024235316722,1.1458132544330406
5.554156267758038,1.1589301975202138
6.88382443146917,0.958507700317564
6.968094053098877,1.037854255417314
7.680552407409636,2.0128839621913963
7.56169198014247,1.2432092664307157
7.43844226216029,1.1975560217544983
7.256928597927071,1.2422310764686653
7.253433115713587,1.3518076372021828
2.401852505612958,2.1356109801719634
2.4265950698486054,2.040125236500052
2.5568762769199407,2.0548968764800666
3.2121064407172355,1.5236279775769799
3.1203695900137443,1.6537424302018993
3.311559529200589,1.4226012079232058
3.4198426665995854,1.5084658384377458
8.18098341909187,2.6773873392426024
5.725809493043254,1.3445188342143364
7.667673074532552,1.316991243968044
0.4758416773812516,4.83063043958106
0.4432334867243979,4.7356130978553095
8.841292018583475,4.371472372614914
4.784861577769026,0.7624394403349031
4.891586827097299,0.8070760726317245
8.88479522908992,3.435141593033263
9,3.3809168719665013
7.382074048321319,1.8824484482315091
0.38320742237946237,3.968490771414807
0.4160070265576453,4.213772034548344
0.3238562258765768,4.0686713015157485
8.892255448738903,3.2905341513090525
8.748568569321934,3.2610506089785263
8.638450963620198,3.2883188932744343
0.82350873001835,3.23888756387354
0.7478682887196466,3.368337283325264
3.5782594117776965,1.1565585907130949
3.6642576653039214,1.2176810688745587
4.19539651382136,1.4839284643625048
7.552534904902473,1.9590431269587358
3.836503409249639,0.6888954950336301
3.451268721837412,1.3276142703027118
3.1439736095144353,1.7580164528223143
7.130804934099866,1.0989821505309514
5.622781618864595,0.9438649046350156
0.33551101917722764,3.884302670241125
0.5642242454227535,4.3571451325186255
1.561242977379639,3.1142904526631683
1.7350074844795664,2.5521964824543213
1.8993579949296537,2.393455239347435
2.0116998825385073,2.363394891578464
1.9975354154087233,2.4675859427606115
1.7834620289945662,2.4351873709515464
2.964409987844553,1.7304649051913878
3.0388265373692245,1.6349453237820843
5.775882358517944,0.8465581734978299
5.7421289848171355,1.0488276279892754
5.807762705206762,0.9492369978365249
5.532672748036039,0.7700536327097744
5.6591622767797345,0.7620622317612225
7.399580132510581,2.0305003799412247
4.947386055000364,0.6992812960582102
4.849383123087296,0.6436032898451545
2.512514548241233,1.9611537830755217
2.685034924509401,1.9719077052931877
2.6037406888752614,1.8922913132000563
0.6090272412867974,3.3872343701499266
0.6087752892644619,3.5754438447191617
0.5507062661027092,3.4935034995953784
1.6040696997389734,2.8009941557135027
6.777146529803162,0.9072755974996551
8.954481213727586,3.1017680069504574
8.753334071780733,3.1592829276909407
9,3.2257124436803046
0.4384826901516241,3.3219734583778737
0.698304470662906,3.2112306698734407
0.5798298596304294,3.2720491289454676
0.442573753850653,3.436590361670856
1.5538253280873635,5.083674999445934
8.364985571979943,2.84705078877762
8.34676954019374,2.6803155959582448
8.269596504153482,2.6175834966155658
1.3826306649918374,3.044410143669768
1.46804098413819,3.1528988597404135
8.755438500916332,3.002408952969862
8.648798546417737,3.0408723320267423
8.61066871995378,3.176773134190828
8.857425127076445,3.171480774178409
0.14031044349524924,5.565384732028471
0.13380520119652822,5.444268981954107
5.666278455123962,0.6250168323537197
5.518593439496732,0.6320190941618967
5.788224841671661,0.7285710278741259
1.0333297182105992,3.0661188656881637
0.7918016564660861,3.116150699828406
0.931739870129109,3.0161845400795477
0.7989626361172174,2.998042997580166
4.527007400363421,0.6886697482197389
4.4788277316103144,0.5907251041423944
3.154132988851753,1.3517774922104988
3.266174130356306,1.3168600799730321
3.2512249125873645,2.214335696001219
3.2413114221188195,1.7001546630261781
7.368712744545508,1.2705868955156148
7.284543763331902,1.1044080073092617
1.6149142501619695,2.976983530677405
0.36415279346698204,4.582119567265853
0.4817761392916077,4.550212549886499
7.678996926606536,1.8884093847057202
7.531723526148572,1.8295521317086259
6.73811953114403,0.810437836345746
6.939741186543338,0.840988513939811
6.839321613294625,0.7822127064880391
0.2926801997783108,3.3990034595736045
0.35631716954055626,3.254072785358652
0.27281162062425157,3.2267046452105648
0.38587525263778977,3.1754514346273015
0.48934919738897686,3.134246284055507
5.970333780449543,0.7980087684522993
5.95882864993264,0.6927746619108246
5.846081626146527,0.6328547491937646
0.4074355218804661,3.7090262554468243
0.38598162836876043,3.6003840532446727
0.5073750507543213,3.6296322539661166
7.512832947148772,1.662581858304355
7.6088419508984915,1.6235403111329183
1.4823947434621982,2.9158884922696053
1.4837001656889897,3.0344929987978557
8.013420196885125,1.8685837499905134
8.121178098213885,1.991716264417889
7.9093071447503425,1.8522518556482808
7.8603922599177825,1.9808525507352246
8.138236161896936,1.9058276666803888
0.53680322664282,8.621437996465355
2.727152101848032,1.8070460247552211
2.76085234838526,2.113803817852311
0.6378198138484309,3.6843890769123133
0.3187100853841156,4.4463527819846105
0.4900698224655074,4.435387522282
4.374301647603536,0.5736211773968141
4.662838196614223,0.7006336112161119
4.702536979215813,0.5953550141682358
4.58570078749575,0.5480798423635111
6.85974984395909,0.6906283889434551
6.707754472926212,0.6225562791760925
6.564562641846369,0.7611240268473598
0.5897568410595877,3.096820811187129
7.410381560847309,1.0904325066511273
0,5.482670885053232
0.11485521408794257,5.303987907744523
0.011849346131815125,5.3399356931170665
8.199041868938398,4.518620520385197
7.719620399536355,1.5874297305612433
4.459613863638713,0.44238666500158447
4.761840654938593,0.4575638980923227
4.598366702913677,0.35795689669105185
4.6601147149103905,0.4422904447922476
6.342711304867404,2.0401879021647304
0.21164917932278046,3.8069281171488294
0.1956634289729121,3.9168385565794868
0.2510748465139114,3.710029183904116
2.31992471699116,2.219850704877091
2.2980235793070483,1.9897591943570037
2.2077802299973683,2.1216970639099455
1.8373363952980466,2.5250888299121375
1.6521544608715424,2.6610768668372318
3.9678872793932656,0.6737395487506496
4.118590983824563,0.6460207430134369
3.083562549436808,1.539194360054311
2.9552279923370115,1.54853684688034
6.00192470341138,1.1040783005629011
0.6528225783997846,3.0005112200218638
0.47549229587875075,2.9675695956957395
0.408609395364486,3.0749755570615784
7.627752406360185,1.7995228639305842
1.5510922305661237,2.6264653812254717
1.432256870029921,2.764047527810479
1.573577654919774,2.482991518970837
1.6833762685744902,2.3941609011276728
1.273562701450341,3.0858001926020204
7.299098902669216,0.933210877549147
7.435848355457149,0.9593355708513237
7.57871476876717,1.0367862200089908
0.6524062207373413,5.160942460261934
0.4632919360580351,5.06922604917013
6.829174099332122,0.5354773231076964
6.653510823796319,0.46470007188506357
6.606366604027022,0.6500738420419157
0.3508710240272455,8.103891660218785
4.25346508042359,0.5525804883019937
4.346975661215236,0.3960289012769794
4.237310754316815,0.7019638429159358
1.2127486514095036,2.968358296093032
1.3406557320865875,2.9298566182940435
1.199576874429009,3.0928087631805012
5.880363403740856,0.8450360160148778
2.000406109971348,2.754313462500065
6.906591910657139,0.4587378690198082
7.006466991058343,0.4491502342979039
6.7922845974887585,0.3905847963816347
6.96743812334473,0.614451744035525
4.8898065214796365,0.5642562027569111
0.12809924204057754,3.6864922479347078
0.07155376078141026,3.921108369584322
0.039936266098278356,3.751947114766866
2.2510190824256338,1.817663243571077
2.206197863317278,1.924089687391965
2.3794132714879277,1.858427056469111
2.152673006972844,2.0429087357057876
5.000477203139317,0.5668250463178833
3.5666821037678607,0.8031917179538486
3.469320359773733,0.8612376066670681
3.3659582454290367,0.9247121997163094
0.5894594907879751,2.831917003409895
0.7607478033878965,2.8864725116792362
6.45660753900802,0.8483676889269596
6.320240663527127,0.8455168399896041
6.15249410212978,0.8355275038478013
1.8511807810844518,2.756686602386778
5.814508821487168,1.127583976604423
5.923466062938545,1.0212845837066178
6.013577622665954,0.9255370681290488
1.3205652920006385,2.8033169502899615
0.13471256153779199,4.09306701511451
0,4.036975039472147
0.16846870501182892,4.195223990632403
0.0434748625303904,4.234644101543301
5.685640868018295,1.5231395313173044
6.4616501085295095,0.6608862331097243
6.521453630656861,0.5775582553707541
1.7092763502364283,2.208935169643217
1.798260800239032,2.326865760250377
1.5157416933765147,2.319742111888445
3.43132784936797,1.1404564046629917
4.710182274998056,0.8381905606651249
6.255255904280335,0.7629599751199968
4.387547608683297,0.2960280994753369
4.498653193469163,0.30268052016768576
7.765838962331742,1.9537490215388107
1.5395331989414984,3.4119116066929736
0.0143065905081661,5.684695897984679
7.6690332930805765,1.4636829199643528
0.3683351009516339,4.828446229165462
0.3660206532310949,4.999443216608188
4.948259327945416,1.0170267349864124
7.642327733443511,1.1506339800933751
7.705759146939554,1.7149609928079317
7.785193842301579,1.8416990072938724
6.345551113260722,0.6835123413410392
6.22153364062918,0.9237660033719108
3.6430558316888275,0.649954825624232
3.903487673495592,0.775873952345135
2.122628901087857,2.214375198408103
2.106077341466311,1.9204256048133812
2.0285735437688652,2.088102214118348
2.002608590285528,1.9511991845368473
7.986445252804627,2.7208044123022472
0.36130338668291667,2.8902902768348224
0.338604829228736,2.9940095980008077
0.2610175103905946,3.1210084968748424
0.30987952594881674,4.673522149562967
2.7691373856283503,1.9048086570494605
0,5.838977013980676
0.1658690902530783,5.7162541610450965
0.9733759969088044,2.896182905183536
1.091861050482075,2.922507683936703
6.5643628556512175,0.4634869031037596
8.095789713067914,1.7870860501877583
7.922305395006516,1.7017868097689568
8.196655611141196,1.7938980406465421
6.16987715689414,0.6887359601384109
6.088525012029981,0.7577985110449328
5.94300182185625,0.5330721298824895
5.857250710359692,0.5097724505539818
5.750308536945566,0.473059711464332
3.351836076195383,2.047776810132035
1.9840988253300333,2.2405294845361694
1.8986071162164346,2.194416620806787
1.607853002832509,2.245701184204877
0.17481375042564895,3.3453108122286763
0.14959014087589712,3.447667678948718
0.23924385653034588,3.5278533266755794
6.5929568344908365,0.32886344733574946
6.444073879419459,0.4836747770437981
6.709181123337592,0.3595223974966745
6.474034940412552,0.34015361921348986
4.949474098720189,0.3928613406074486
3.0395455740451376,1.429329144158217
8.50926887494487,2.92408196120616
8.486119523139768,3.106490081440312
8.752243567250591,2.885443156265514
0.42065419617851363,4.105081737516952
0.45397629150532687,4.321887799390511
8.996344179322438,2.9740758391717534
8.847441863663148,3.0478271352349577
8.341344970604085,3.078311456928128
8.370068702217903,3.189097739265777
7.124976506426623,0.9354090477694215
9,2.840503890754438
8.892008897780974,2.843450372072179
8.854844565530396,2.9561515481887826
4.110721924983529,0.5596590387452663
4.240476417067193,0.43712817121989705
4.105367544732322,0.4278423797822845
3.368519656325881,0.7792989334284045
3.278754445598415,1.0547022759691678
3.202505855703231,0.9623847705013212
3.2644547547684577,0.7685244171638164
1.1344687974867298,2.8286500432937296
1.0548144617878403,2.801306822248914
2.875336627384333,1.611762474091314
2.105539065514743,1.7655063623325309
1.9885419766032324,1.7990568332593289
1.9194589698452431,1.874812603479345
5.30370350925145,0.4999903395977886
5.208210080054306,0.5877288978338948
5.42506581593325,0.5520277349851936
8.26237348322513,1.9512382852449932
3.9618282482231026,0.5361200171191745
1.8632293133641487,1.9771295261021196
1.9339868283142692,2.052444150689687
8.373457845046586,2.477667944506147
8.456776441265712,2.630037461699117
0.3210553181777861,3.783433448679327
1.7883783466312624,1.894414888469674
1.8889044327314597,1.7129452653945862
1.842548028617578,1.8024991465135618
8.539490162095344,2.742603687161299
8.594975751868462,2.8581307929137
8.435291279797363,2.7449545485512936
8.411539641269616,2.9721114330983163
1.3746401887698658,2.372004012769566
1.531746682736536,2.1360240046943924
1.4144178219692412,2.1598670545474925
0.2504333291710169,5.004631909037894
0.16588150658083914,5.167693806537738
8.142519030397617,1.6715997880417466
8.036211439599597,1.706230076740281
8.25655614393189,1.6994752239879385
5.6155926012510555,0.535869036820679
5.61681239912358,0.4319191132851146
5.500940254789906,0.38167455158424857
5.515326830293009,1.2713697757902516
3.4330160430654195,0.6575551607614334
3.5252695142579333,0.7010450551927514
1.732312482302901,1.7179210533850644
1.8441479403022083,1.6013380700107531
1.9833092994661925,1.5461384707708616
2.0240031168592187,1.7039774847012077
1.1049669186923463,3.157862034101222
0.252775185336819,4.764575970768422
0.26900631240127904,4.883862725029532
7.441183272315469,0.7627492235072614
7.553626078260655,0.8587028530471285
0.13243878507555806,4.793515503052176
0.21391385296209023,4.5991302572230595
0.14116503681898573,4.6799520628772635
7.048920339273438,0.6878956194666933
5.970532996184314,0.3536298269300346
6.081683457105767,0.6169533416406876
5.84130778908079,0.40040736029594104
6.065536752411326,0.43542808608844313
1.6496390591633618,1.860149611865171
1.7296717803639827,2.054717987228665
1.6452069569027905,1.9652849535278987
6.961144944741235,0.7368215901073447
1.4846698679822121,2.48812522966417
1.3657037470515159,2.2519879119845414
7.324165775977142,0.8048483832753862
7.176628535578443,0.8212365253048817
7.209390835464631,1.035261708629119
8.340446508588997,1.8556835115622485
8.242699948221208,1.612317261684056
1.820471609672306,2.131144210351166
4.594325660572062,0.2543360735117707
4.773291327153511,0.2990231639776808
0.024599417764968545,3.3610317814144914
0.0719904323138643,3.247825007029309
5.341289518576379,0.3572878547025519
5.511973814023715,0.19890702817185973
5.667435498789772,0.29824589895337844
5.450936559265094,0.29388709721675244
5.333139339260989,0.2768103322651778
2.1067057103359526,1.6084682288806635
2.203931519965404,1.6848409078972715
2.789468487788011,1.4629856133171972
4.243999691501064,0.23636044172670492
4.245638312478578,0.348341547288819
4.36037427505599,0.20892206169536318
0.964543415657588,2.69657521414207
0.8284601151599738,2.774035748196644
8.3445756682055,2.008379695167168
8.307213414641533,2.1850839838226093
1.5118617477068619,1.9876115262323264
1.5503240317813338,1.7949149828513684
1.489540125932756,1.9029044731580749
5.093531212759058,0.5133862601053385
0.1094594125909844,3.6027435859196215
0.7859549789468141,2.6528549641471932
1.0726217873546136,2.6028551675173444
1.1406137478459586,2.7087657889948695
0.990209633359106,2.5267912453782806
0.8965530559077045,2.581759476459764
0.214073286579258,2.9779177695306154
0.4891271538129063,2.867985767647188
0.24432936884444725,2.8457915005206527
1.3810404878471694,1.7758571775623606
1.5268392059777494,1.6383282127938645
1.6370746571031491,1.632868749094851
1.4144483023720675,1.6623517672566213
1.4121044942213508,1.8745689184235503
2.842234778272578,1.7731332017196644
3.0048164944677085,2.013052065573728
2.887833736532316,1.8647851134768445
5.22383534878562,0.46787072481951797
5.176362691257169,0.3751950530213227
5.0495581057794166,0.3868087641847525
7.234255174658969,0.6758465881385278
7.343990275165639,0.6471274864242955
8.521274744502985,1.9272647278139945
8.47293178246703,2.14215338897076
0.030742760790812826,4.724972119614554
0,4.822778345468771
0.10263791530623764,4.892133117479048
3.885900906540991,0.5913112883918225
0.7200438939186898,2.7333527660367563
0.5744160231991311,2.6432159733717038
0.4412784145734106,2.7493925355865034
1.281933094466936,2.685063725109471
1.4473250708195606,2.600477505904628
1.378092237323083,1.9733781189890056
1.769246768029863,1.4957417984400199
1.7438263793613964,1.623747347061528
1.9108825940973166,1.4643236298683824
1.6937196545033404,1.5134109243693497
8.464278421227235,1.830246142937901
8.425038095681508,1.7373057564991377
6.156358177380354,0.5106946260559457
6.26884755854894,0.6179420354889924
1.2975327037904099,1.8790738424492581
1.3417522310619279,1.6400641377580527
1.2330171145532502,1.7396709142870073
6.134733312720914,0.3446545730901268
6.278601245395686,0.46605251083862487
6.286824710880535,0.36127777432516917
0.08531330954350233,2.8407236208197286
0.10778560099727703,3.050302879302183
7.729703841377147,1.0486725113576627
7.801109080818736,1.245541113339771
0.25857990558846083,4.335355329238541
0.35383481107260306,4.292623759630082
0.3108221411639671,4.187833158435238
0.6461686597988627,4.2857622297600795
8.628892207406965,1.848998652622869
8.703918233918882,1.9756747854313466
8.644594479302006,2.072769931866714
8.55492065761544,1.7470636153563506
8.53346998300967,2.0497066525640806
6.3692644629314,0.5603515612532245
5.001976119750453,0.27333566290516786
5.154404494400143,0.22508733212777285
1.2559397150427303,1.9832925111490298
1.1882592349583077,1.8625416166983286
7.957375694330713,1.5629450134851937
7.8485057487458585,1.5363869102571672
7.811847519862286,1.690341009350354
0.5483820787721073,2.5135014684234425
0.6729624812805332,2.6144924115536763
0.46416909415602786,2.6384604345524556
0.4374486597398429,2.535572100492023
0.6577280742888014,2.462983912057262
5.567354876002423,0.30434535726721496
0,5.58608939109675
7.069545865517843,0.8126849509703294
2.3210009660026474,1.5737744555037716
2.21942013338976,1.5224856690919397
0,5.225320940863865
7.119540712368195,0.5260689279626255
6.277863622544652,0.2705135994535882
6.3853888430173145,0.23865471701421942
0.7508288424613873,2.5344398130915327
2.0961861565619,1.4848462342622424
2.2314064925789827,1.378460725868362
2.3579380840082136,1.4607588880365898
2.1179969594769834,1.3794209795982115
3.539419702169089,0.5251707484482367
3.438104450650056,0.52895728118789
7.909595012904372,1.3498501244639642
8.014903366802127,1.4748530220784957
7.806253115253018,1.3464735386637137
1.0207008198552818,2.4201600906258145
0.865147025198006,2.4542424169461086
1.1323636639055614,2.471862564295997
0.2648089478826451,5.435784228985957
7.234767201956519,0.5496062049709005
7.328274920549816,0.5072256898266143
5.795628375704072,0.25206819054185803
5.620210887342184,0.11439986510667505
5.7231009671354105,0.15299081384687396
3.344759465728976,1.224269168719179
3.250306431008754,1.1630572626603575
6.536915365950596,0.14112164144923714
6.703486792127629,0.27396939466448206
6.661546874713377,0.16213946471664742
5.018932201579847,0.489085830800177
7.549786831486634,0.6573797337423678
7.441523313799149,0.5654339381532674
7.6254161427059755,0.7501140334557874
4.453580001124838,0.13521373762880143
8.536827253014817,2.238138017601722
8.410919897016711,1.927307276520502
8.678340671903202,2.180470861396524
2.6204486655315558,1.3771631861905915
2.746582783802375,1.2775657494005142
2.759053093237664,1.6106544580722395
2.8419912738054443,1.368146400225882
2.674108748777979,1.6082440929537436
2.958013225269209,1.3682708903018619
2.8995020492472867,1.4629213604253544
2.669743380502361,1.480118511762389
1.3337014738846928,2.0786166456203197
0.17561088237672795,4.417523124553238
0.2303307103422893,4.517067461269748
6.281934149736764,0.07165933297983407
6.386241354248178,0.39380871116197835
6.425455663910933,0.10339893171944764
6.885985920260214,0.2860392967760599
6.841534212316987,0.13875517647991067
6.746057793420157,0.09308680495383928
8.074682331052465,1.5960295510179663
8.124283199744117,1.4703716535248879
7.037750193595555,1.1433148630593821
6.678474269413625,0
6.805245939298033,0
8.145274952063826,1.3488423742813564
8.29712148488895,1.4503655200667636
8.247324114679746,1.3289640271624865
0.015195731720231434,3.6583076998743747
8.307050282293082,1.2368630043947817
8.404666028279308,1.380041462779126
8.081554561842552,1.242961903535053
8.407348705654568,1.250406627718013
1.1891961455606574,2.1078871865532145
1.270318459832866,2.1978677095657173
3.288399617973599,0.6265567496346449
3.320666071591441,0.4953659129860498
0.0420102878404539,4.98494957893107
0.158328451332525,5.061294525694136
1.078938014166713,2.2534871761743913
1.1744447252559675,2.2868157575242845
1.2280526984212052,2.3903728317479263
0.03368119600141084,4.558527725202246
0.08779116515256108,4.472496212030701
6.178759719415985,0.17977647528001772
0.9172372778068606,2.364215583182269
0.9765589623319109,2.265800615887589
1.1866276125923645,2.561531171725994
8.553983420095705,3.0201892803870023
8.654795161135137,2.9592270287763864
2.5724812332781486,1.775096631818535
2.5846613135730947,1.5387795931815877
1.6329310625639213,2.135522066859775
0.3410173730341225,2.486573215028181
0.34521236678831996,2.66061858692106
6.119342753290184,0.9305373460478474
2.6518973313613152,1.712635871685919
0.3191460112722834,2.7690614533629687
0,4.3680240631050085
0.09895913553901256,4.326774759347914
1.3428305031977117,2.564525620808324
3.090251354515323,1.229631577378768
2.911929083708303,1.2683577318563726
0,3.4980003855280972
5.752619665523174,0
5.907435532065479,0.13713003475738608
5.65041834260081,0.0025870553712746547
5.816437203060081,0.0785894894918512
8.712860386746213,2.7904917658037762
8.8466848022557,2.70928467638602
2.196845028849473,1.2169059161554416
2.362350201787467,1.2797834122674843
2.1164644033383233,1.2678105574840104
2.49485890573696,1.2852054491512452
2.4542712688274615,1.4183564831645599
2.3700401212162907,1.134056872427538
8.77849344812589,2.1853868539049404
8.75842469198585,2.0618796300162234
1.0416285722702174,1.982353318116807
1.0376645238572684,2.151209425277144
8.337645415831117,1.5535801371423685
8.417529138740358,1.624944612709153
8.8884296866539,1.9443667764965546
8.945392332233098,2.114505129963094
0.9761309045092093,2.061122212230223
0.8489791629360244,1.970352201442449
0.9492178897958903,1.897924871042672
1.0976911221934051,1.803272781829657
0.030794472989090445,3.116077613398955
6.907568066539049,0.005122916571277461
7.949103329583303,1.1613482721458652
7.980163824140589,1.2771447902410102
8.056064545645087,1.382242593531741
5.399425544107764,0.45102886874582904
8.824939501184305,2.297616221833051
8.708482517825633,2.352658729598541
8.601467470163046,2.362673326533256
7.778741805474749,0.7157439084462243
7.65184183037469,0.8817707752544641
7.7693828827584674,0.8577281119402689
7.714744285600056,0.6289326681113364
7.33934654038503,0.3454639108496287
7.237371159021185,0.4441003293421647
2.479777766786217,1.6252438860580243
8.188753113332872,1.2451653243298129
8.078710233936503,1.0800142561586437
7.918405500344284,0.8173785846653666
7.816582953232955,0.5860112917330921
7.912976078895773,0.6983978333794314
2.4623209921414606,1.7746568208773232
8.57738891664941,1.6312945071377924
2.121308913497517,2.3359261104193627
1.151856072360126,1.9954758182525907
8.201141046349044,1.0993094760332114
1.6891540326146792,3.0979673117758204
1.2353167684959108,2.863418042826183
2.3977071227405884,1.6493055241528503
2.3400825092899282,1.7511510231284129
3.543589961588941,0.3714318265823074
3.3724270959798894,0.4170870477776326
8.453438946836078,2.340083231912482
8.789682500990674,1.91583141841855
8.883047037396498,2.2144913536812654
8.708552754241461,1.657477977458856
5.281905010576774,0.09435480921680517
5.081471961184676,0.08142885044014475
5.001511498876165,0.17110588055482392
8.760815275307177,1.7564493723497905
3.37560105052553,0.2685312268193826
3.6355748252499636,0.23975420475952375
3.6939621302153256,0.40857647929559804
3.5048092621091906,0.2247909252241769
7.0406112029907515,0.3143879469363401
4.73283884857788,0.20668577712188652
4.839170739299181,0.21095409855455777
4.641329588781021,0.15126542948520916
7.503070708256512,0.2406384774967429
7.26656052426974,0.2691198748712844
7.163058665313058,0.28492663132690227
7.396636658407291,0.15994487707944702
7.475619722972587,0.40666263036339634
8.483368793084155,1.1276868212525675
8.527279880506692,1.4104294182745576
8.50589023255891,1.2840463926355685
8.37999562741851,1.1157443590875649
4.771291701016877,0.0929033444518741
4.887368378894073,0.06188489070390127
7.095803326270385,0
6.979599887502321,0.09073202115210419
5.899032387714608,0
6.03429115895465,0.18301671813529002
5.899247353418938,0.2500848244111721
3.114881794868502,0.6854560558913371
3.2024200261715996,0.5495473352356183
7.198336162293647,0.16779495112572457
7.097201555634334,0.206130827218701
6.942518776943702,0.19074601821081244
0,5.095670806011767
3.876002914011914,0.450955495578624
4.007364915109741,0.4243448562048127
3.7865906001379304,0.5610864494487896
5.421550112260519,0.13060160614483343
8.824322405037531,2.5393100444833383
8.749403952243043,2.6661578440948466
8.966915482080513,2.6482700028905306
9,2.750617363962433
0.7519570492925781,1.8199698561331559
0.7449649867743536,1.9347341498252686
0.7154314438554455,2.085345611229034
0.831004556997145,2.0778160607162284
0.07887220149989733,2.737722179140834
0,2.9034154324315535
0.12635575765577578,2.9581896260552885
0.19284629893504063,2.7411439702243126
2.1104232762436306,1.140990464989693
2.264683598307189,1.1314386787821884
2.217709489670409,1.037406504025515
2.5638261031774783,1.0982687182854554
2.6548667465938047,1.2047660011100916
8.635762818869864,2.6953650641142137
0.12521418329935824,6.0881464626630235
1.9005675252940502,1.3389212091626355
1.75856402097904,1.3763874870446402
4.332123762594369,0.045655487191207114
4.631954345186898,0.051391520757523915
4.523940151795092,0.04636239589191646
2.0569649640100134,0.9493742587203124
2.0151870962345737,1.1779428018777194
1.9129336407440718,1.1379253882174136
1.9957720668917227,1.295462888852376
2.016853137209152,1.0581203086530295
3.671122839704626,0.5414960728094316
3.7973147389403805,0.38797037328306255
3.7384080630180003,0.6977004981624592
0.16502710379884508,3.156166587647055
7.105715366810634,0.4065616954152322
6.535898260410314,0.03958652957081037
1.8349208039993525,1.2614605102858358
0.6839408657976239,2.1830752341767843
0.5882646265408288,2.139652585364915
0.792036023022688,2.2545210090346512
9,2.543164471836996
7.637481372141006,0.5642025155323648
7.725854974851635,0.45428949876983127
7.820710702594161,1.131469710450229
0,3.021182121193803
1.491264025650976,1.5215468766784237
8.635963268934365,2.5503543727239
8.49898306715901,2.496520611237262
8.551899002757896,2.586653830289004
3.1354797840947226,0.8036470129017981
3.7680100947136674,0.24004604721806155
3.8996967016748636,0.3353644394361127
5.52513026492259,0.48864434810344193
4.870345557671086,0.45710720530742094
1.7615912685862323,1.1857423737181128
1.8773217311007901,0.9443955948140254
1.7872619387940591,1.008834360838228
0.5828897005366842,2.7502326191637665
8.940780818391808,2.3284606966739876
0.775905966589367,2.4019169165636924
2.4689502830198786,1.1506254261820936
4.984439588138611,0
2.1410213352503353,0.8801951343071467
1.9663763047322853,0.8943997466416496
2.1523046942432686,0.7803623335830867
2.028292635983277,0.7698239063734679
7.972690297009529,0.616062997133297
8.087972457868629,0.6621291661578974
8.033433316373824,0.8490244268988457
8.017642008992835,0.74410496524925
5.528243886623501,0.028208497148933077
6.489218688244045,0.23301481882286523
7.541347474221615,0.5520269545919112
8.058812474384494,0.5209373436070438
8.14869799500695,0.5798251910894585
1.3840026158041216,2.4735606833251365
7.972037332731075,0.45804744997664365
8.147743757225877,0.45668114579741964
7.997975432566332,0.3576460058675459
8.251139633385087,0.49968960785427735
7.874317643745828,0.483026736087717
0.8728705910566303,2.181029417874232
2.513850972116858,0.9685252132395048
2.4377422918080858,1.0551471012213383
3.7968676732161097,0.12523585847587643
3.698370714539878,0.15468836031430727
3.9333909474849102,0.1805652282044892
0.5336214370674459,2.385950916708856
0.5976295214575273,2.291144055608327
0.4751118948372544,2.2021635202056284
0.5371104565087927,1.95374779444851
0.47401747729142457,2.093159065848015
8.621171338325349,1.9702618993255143
8.031361666171009,0.9511934030914415
7.900197899263323,0.9916438413241951
7.88502206081484,0.9171859433776856
7.200321936235391,0.06199060009464183
1.638452564236525,2.8990641374203037
8.73479157661631,1.532415315468108
8.624610048923591,1.4825875884769872
8.825341339258326,1.594101124005062
8.876802295800543,1.7543926646353252
4.42641442746878,0
4.192314134992353,0.09874255832836544
4.165013680082261,0
1.3650303660604275,1.5078807021460385
1.244668898792403,1.6077719974626603
6.43595346433676,0
2.2323681169370198,0.9288398677738214
6.3558641308104,0
2.462788857953433,1.521322901298236
1.1256375899070346,1.6367797344546258
1.0078725028397373,1.6633785014964748
4.056897587164492,0.3137436846123578
9,1.7572118988487704
8.978224478155981,1.8624788657688864
8.983206008114887,1.590500183982334
1.262598985214516,2.486228045377731
1.1108147136090967,2.3691968145609916
9,2.2310024991962822
0.6974027441656825,2.2996154438527254
4.140984791852267,0.21401115577854032
4.057525229442426,0.015933337824028573
4.055258424340552,0.15624638789075065
2.9437889005148037,0.7125424876665256
3.0369430585746837,0.5277437556953947
3.0104158218706707,0.8150931078197629
7.085208833984889,0.10643617512251527
2.1761119855930904,0.6745205444471303
1.8888020165996313,0.630073512359411
1.872949198505119,0.7781828843316022
2.0730129154988473,0.6577736470255046
8.221588422217025,0.3104557682032094
8.279381217490132,0.5990571167511338
8.106940747259495,0.2971513156973286
1.447089966454047,1.383708977026676
1.593532267961522,1.4811277489734653
1.5426575128174833,1.3389500588454661
0.3398202521584847,2.1542504699859744
0.4017736057742538,2.3173012682168395
6.114536012013911,0.03560179006230957
6.007840937741405,0.06821836526028634
3.205603789125065,0.3267391925935641
0.8710167781011201,2.926164639461441
1.7267972306471844,0.8383876778500088
1.9171295747776638,1.0410312422088472
2.6825948313596117,1.0425077467380761
2.8334525088476736,1.205417646285001
2.822529958902956,1.12312054241675
8.70282270777161,2.4731256835490147
8.864481841377549,2.3948883993926615
8.95671136262074,2.4479176451713602
3.1652521507413134,1.091058260613606
3.070165598179397,1.1298938529167575
2.825380249456032,0.8433285790976861
3.078911244418395,0.916408000181002
2.906721847733898,0.9443038773610166
3.027374480955132,0.6361610705774421
3.006257385964773,0.9905606853321303
5.411942061349728,0
1.7067670691652157,1.2896584263290138
2.3214763496168342,0.5602362357701873
2.257578747241833,0.7725172734508085
2.2241864157815288,0.5117783950221857
2.062083886931732,0.5122672889686736
2.3629024461288504,0.7127965860981772
8.013495906523215,0.24241260118579966
8.135007455500602,0.1599523702503733
8.026872094600746,0.1268986159855995
1.5393780910484254,1.1652738332694872
1.6100074662715345,1.2377456528695854
1.6358782895530362,1.3851099733367813
1.4760124239990065,1.2503912780576634
1.3472954877691157,1.3707460762777115
1.6513822895772519,1.0976245946851757
1.8672840706849365,0.5034269929769712
1.998557250809721,0.4300861748728656
2.1491588881998176,0.4451444355395456
2.0547879436466445,0.3332922950625711
3.3764848800413025,0.15101921241021832
3.4984766463100487,0.07320287725311617
3.6149598792930844,0.06911636410718877
8.332726280699195,0.7057328626653484
8.473846436085164,0.644702339069802
8.362998710744364,0.4882622912459163
8.204268711184094,0.7577388003246861
0.2398356673075044,2.603922935843955
8.40894898258805,2.2468286805651547
7.321124489524372,0
8.160574087062587,0.04806123100531351
8.303067553262393,0.13080180331726685
8.327615044748763,0.3704310097371618
8.438568219067474,0.41966914115289816
8.503799454989295,0.5175346073795684
8.45680640524728,0.31876666656236624
7.912463112476179,0.3192338291811473
1.9430839431406732,0.34290359916045654
1.9867618851908464,0.6041866906091585
1.8270025056903239,0.3462637525258512
2.1552840429254365,0.34031268749695165
1.2645998562025997,1.4752941061399822
6.798693803951858,0.23020535320300134
7.634471693454097,0.44792643666200227
0.06991555586431486,2.6113378202217232
0.1256034599061696,2.471146969038948
7.9172410712462105,0.017088315345410013
7.8989824446177614,0.1229693105003867
8.028531526442123,0
0,2.4502922298850707
8.361489708921603,0.22523942583837692
8.60453343017426,1.1704959245785407
8.622394893038884,1.2740024833143935
2.9258816815137028,1.116999191698841
8.776962655389141,1.0696595871885446
8.758999428650672,1.1890323624624122
8.69412832167398,1.0143477132353622
8.4944201737187,1.0192595339557473
8.686968259424043,1.3753685245901905
8.91639541594245,1.2826989677222917
8.828081178089247,1.341221837326839
8.860666313527146,1.147882138543803
1.8078812968105311,0.6923250227237177
7.691652993944683,0.35070418001141623
7.570200730769262,0.3491156135715714
0.06334107984929505,2.2685692432505276
7.818598897998018,0.3620978495440969
1.990513202826368,1.3978972928453202
8.339125356375352,0.9920116826195183
0.6408046103356109,1.919194517179194
1.1470150354548139,1.4440792237784676
1.2441196612838523,1.3209197574801754
2.4898090732924705,0.7077885776339005
2.419901361000299,0.8462228167761034
2.4432392745102987,0.5872793499033147
1.9133178397335735,0.17712763252733482
1.7148557406904266,0.3042914959301841
1.6314179342196315,0.36366090094884707
1.7769289966982773,0.15853609517302306
1.7424533804709172,0.43789135880852
8.30394266329075,0
2.0026607569420625,0.05798873795314104
2.0608175951415424,0.1399904730097437
1.8156340843579983,0.020944841733060132
0.597194717098638,1.8193320907955608
3.912840061645231,0.046010348314105234
3.752201714169695,0
8.129609703555275,0.7933929812228493
3.27359988343053,0.11944792265674728
3.461637201555983,0.32688308042557934
3.264858121004745,0.2422504529260052
8.439129598791085,1.5178763131229294
8.535432478489144,1.5473189408653107
2.8298448694115534,0.7301039653707635
2.700331713524907,0.8706556140211149
2.652863172844118,0.7535962091718418
2.7670669968122534,0.9640571004522778
1.2778473307134264,2.3027405126471003
2.2879362713005458,0.37703501354813385
1.050656860137956,1.4839677822114483
0.9732155226742139,1.5473395658483091
7.521036342606781,0.08681276985933015
7.296185444971297,0.10092143953008242
7.466250119963696,0
7.397214768975822,0.26194033731228233
8.138290415419505,0.9499260331324536
8.196936479992871,0.8679413806821166
1.3540519902453954,1.1739201555561898
5.186960709109667,0
7.816169444620257,0
7.780571216650113,0.1036719716850737
4.731346955682521,0
8.938105954626815,1.0056386817230207
9,1.2075046224210368
9,1.1088975771898442
1.1044412142797004,1.2054603680110236
1.2658293265252065,1.1864181034150503
1.1356579430453086,1.3020661645458853
2.5856871756454227,0.6047046840217554
2.5066305250964445,0.45286959665566634
2.3828375497271623,0.42106617965910365
2.1250541117406083,0.23969856810232926
1.0406285370717936,1.353252771747504
1.0994556830776474,1.0224703168238336
0.9382262183232667,1.2822434958411244
0.9638615425129664,1.0763488766038474
1.1828760092950836,1.0948553065813351
0.9205363986983987,1.1893315691038342
1.6580229357616714,0.5634892311559156
1.620070755651634,0.7561258862247715
0.22926210474667424,2.2260887732098418
0.25062845746958984,2.372940235212756
1.7708597916147737,0.5765856350864264
4.158764984723892,0.3499173917536561
1.607752347454655,0.6503849812957527
0.8829341321290975,1.8205264837833264
8.889604312374113,1.4261749195008357
0.36170401875382674,2.048712786584957
0.4673415942214264,1.8811427776504392
0.6258517017814071,2.0481297959015667
0.3733361389263853,1.9394800644286019
0.4938584169342177,1.7807192761618345
2.8441391446201685,0.6081532168575631
2.5679560892100364,0.8326956457981499
2.2448245843936787,0.20068074169403052
2.154063885175677,0
2.011530545227253,0.23803272698465558
2.208002184928776,0.08477136107254371
1.1393168351124265,1.5514846352415743
7.622247912758744,0.1750464891390392
7.572495367020591,0
7.667129490038198,0.04565262657062707
0.137698450808612,4.592311359125558
2.347407987473819,0.29545368132866456
3.2043078520801926,0.44394381747291245
1.5406088615700135,0.5015277852074683
1.4385282974190894,0.6913134613882808
1.5093296669219631,0.8040143405749403
1.5247959474523012,0.3126315496042193
1.6486390641927906,0.1962752487145062
1.4902288366206906,0.4090307742018013
1.7078382779063246,0.6970753821712337
1.6434602477268618,0.013391268641958453
0.5424669752883245,1.676216510003698
0.6738469689977091,1.6556825077595867
2.3568008290545714,0.9718762459410445
8.578654712918091,0.4455440933838609
8.567400907442288,0.6006812494820115
8.691942093890075,0.5767425059530892
7.829359136104162,0.19774420062511167
0.862108162593498,1.683333116437959
0.8447962170576696,1.5554223624042816
8.837202256256466,0.9685221879743877
9,1.3465272112648283
3.393639476132635,1.0497577895227486
0.1489690250184772,2.372027254156308
0.24106521576643722,2.482282941962661
0.866570249696381,1.3614000630642238
7.797683118741493,0.97167395161026
0.543188928970905,1.5322167928049002
0.4688577413813353,1.6062202810469515
0.3655028942467783,1.6842437494234255
8.908008315812145,1.5343124632865823
8.962061470734422,0.847310865602724
8.647903234895674,0.9239439289773758
8.697377348880664,0.8450459443268559
8.855355615400507,0.8344936957096643
1.5457910234677428,0.9171608720053044
1.6534531551634528,0.9800489928830327
1.4553598045684653,1.099567701255851
0,3.8477839342333295
0.7205347992465108,1.5288279110654812
0.6208422179199904,1.4687914998741
0.35300716697657847,1.7901251924693833
0.28600234892629334,1.579912273393856
0.20787232882397128,1.6032058718274884
0.41336324362006904,1.4949292981237736
0.23288517872386338,1.8266078571258577
3.3251379814034423,0.009987413549113977
8.519722531519369,0.8633094782540762
8.767092968937334,0.7698166500266953
8.54091345646894,0.7727439575750927
3.168154946589645,0.1962730441348207
3.0513550094047663,0.20699348184052807
3.03732865433993,0.40255882444358665
0.08669193276842588,1.673515730599315
0.18588872168042347,1.4843967094329034
0.04128994989218915,1.5371251906335368
0.17201073451612145,1.734820575942111
2.6273889488810562,0.9447408184864472
2.36336112938644,0
2.308376052313704,0.09274490649132715
2.8798330621150403,0.5121861937742984
2.8939868596375105,0.3940235007868108
0.7598784988545038,1.716638154452622
3.171155518597219,0.09281926874492655
0.22798923301227222,1.985587660702133
0.10020062960968587,1.8529931958875294
0.9717545222062234,1.7618273217901166
0.7326724624625106,1.374861185639755
0.4658503813369145,1.3583897469872064
0.6239665896697181,1.2789675552630093
0.12978401959278693,1.9544866766442366
0.09768248914870176,2.1012782889103865
0.23795952350413455,2.1210871794155643
0,1.8584725408665712
0,1.989969996543604
0,1.7553853228257463
1.3897192784216708,0.4003200372369281
1.4294634115417393,0.5055454142695501
2.730871478387598,0.618764619535742
2.792470317965109,0.4290599533045032
3.074146258921601,0
2.978838691222179,0.06950407858116785
1.3151256086323608,1.0096147424116466
1.3876696405908748,0.2887830907392839
1.3004003696388187,0.5236709926364209
1.2676787308246147,0.38970505465203376
1.8311069249304088,1.0988267746614178
5.171283317478031,0.1300985857041197
8.396463308571402,0.8140305415115797
8.409537723877177,0
8.418718783663584,0.10257487146945485
8.826667393395626,0.5333609717274054
8.84135698579089,0.6550299024512928
8.64417378117726,0.6972936177623787
8.733347854798826,0.4316718145459365
1.056493732859861,1.904911522750749
2.990185639084202,0.2960304968092126
8.31048797011728,0.8854683926330955
2.4624268618286758,0.34164149804790084
0.5590602790877001,1.093068717412416
0.7798200961418663,1.21350808591021
0.7207883808819397,1.1172872729712995
0.5431755147604861,1.2111217698999968
8.753625131813301,0.6703633677028502
9,2.0083445491818006
8.430031738178853,0.913035751516274
2.8941034167441257,0.019549554594595196
3.245357899524539,0
8.554650566903167,0.2893581766756529
8.528539771922034,0.13717686724555048
2.572362715349209,0.2657895829359569
2.6769425144673145,0.49483439889504327
2.623805283473168,0.37385148102171917
1.4490411512614934,0.1177608857209271
1.532876052348933,0.19546680109548292
1.2620463629564096,0.20276788321135628
1.492147373431994,1.0061043825080311
1.3773538145947117,0.1911360848514257
0.8511810641674901,1.0756210382832856
7.715631147393264,0.2140101553623402
1.3786300414772288,1.2737481989804254
8.978948395148548,0.7034901282436767
8.596327291768588,0
0.4496307810301988,1.1541589882124734
0.49704176602240324,0.9351799394059244
0.6852859092002338,0.9388411291100857
1.4054287771610035,0.9591644157456731
1.1500633778451927,0.9068320854387026
1.3214182003274846,0.8732961874332279
1.3530076564262783,0.6367040320282065
1.3750901921352472,0.7869605322131301
1.2811137586316816,0.7471688476210135
0.6529969681536918,1.0425831823545346
0.856476805572011,0.8888552029326013
0.5723125772474393,0.8525634618113637
0.6987894162936976,0.8147481839242189
0.5892780872722082,0.7647469336821535
2.869709677747496,0.23404967248824254
2.790742824105683,0.31821625283195026
0.8786964223413519,0.7201311030335418
0.9958984102794102,0.8011321599360095
1.0532139673198606,0.9246510345057591
0.7833144392463041,0.9944102203242485
0.9305504781021354,0.9838340334644895
1.3454245133758453,0.07481397778676638
1.2397742792886495,0.07278551834847549
0.7264572827189836,0.6921701454089039
0.9628366999633369,0.6546818514260649
0.8428965826262684,0.611866936392491
0.9346567532801254,0.5484805247420598
0,2.1739246392974114
2.4092851274401847,0.21510877768079695
8.985057313347527,1.4574231260866408
7.973952591103976,1.0632942320772776
0.6337557592275598,0.5622882185099519
0.7361741698632529,0.5133910573673902
8.771205386472898,0
8.733984559974715,0.11319001087683138
0.27851174318252847,1.7210678684709482
8.771706450696541,1.431565277891243
3.193269200577266,1.2480278766661765
2.486662784151494,0.08947807346292508
7.007635116939846,0.9310938089613827
0.20858744956700648,4.022192903511752
0,2.3461626850314907
2.689781887476031,0.25150852178730176
1.1491467677145666,0.19205325339190568
1.2188045471786968,0.2943604300651689
0.2931353889693969,1.402612328425981
0.8166167973036895,1.4512637091340945
4.876042932875054,0.3059595852314993
1.109717770093301,0.08157030632575293
1.0977081329559055,0.7912318902255766
0.43490013463735266,2.430626785823586
3.429048028405797,0
8.692385980907874,0.3332952485482666
1.1195031914178657,0.36717920121997377
1.6966027259830883,0.10302513499898755
0,1.4315015642242823
0.09435555629626141,1.3748119628850077
8.654376500803629,0.19697070740785355
0.4928849736771662,0.830432973101162
0.41527389610239707,0.7494868404166914
0.502813322346456,0.5898762088894807
2.5972322408907225,0.14507709093451054
0.06374524830357134,1.2751847777995569
0.1915776186770996,1.2243093598548553
0.1886735164488748,1.3405130513208474
5.756171731654224,0.3474772565684108
0.3465519537661957,0.9066968484900002
0.3568496496461533,1.0752542236410143
0.3414307595894122,1.2741638465469918
8.822947067576099,0.37082766279152035
0.4798180987898834,0.4607780895457043
0.37291930733030126,0.4869380173328939
0.6008540994487677,0.4342600009530507
0.37445785431866435,0.603098365751208
1.0605503688806528,0.7031426470650554
2.821951416435248,0.09706859158976625
6.776859239696682,0.7057177090195972
0.2498779468644043,0.8759288952778108
0.2231636841211566,1.0228021381305237
8.80219229491503,0.20919884777922484
8.94343975462892,0.31379063194000945
8.939821313366158,0.4438270583603282
8.978686722416423,0.5507049081523525
2.7285722233950858,0.0582704370240702
1.1937835135394708,0.762805015434791
1.0401393524454756,0.5046992671055621
1.1585414373672938,0.5598305850606609
2.1202159100986755,1.0337398744913564
1.5487291107080658,0
1.4318155303862372,0
0.44373359542180907,6.082666607272145
8.880180111520842,0.14606874478649787
1.040452465029316,0.2540219894248861
1.0236371780416207,0.14976785182111346
0.07905753306921841,1.1176166163412524
9,0.20993324579928768
0.6371913710937486,1.176849745737648
0.21281385139264927,0.7007350068599743
0.17758720030523772,0.5838507086041822
0.23828582143101207,0.48782963949188807
0.9714117835666403,0.4094397675263466
0.8500186240320966,0.48857313279784775
0.7223357528346275,0.4226395744928231
0.6336156820135634,0.6688795783576882
0.2867995694618516,0.7699921791478733
0.39002585543637963,0.3408436019349209
0.5511982004430773,0.35151255805276227
0.41105081536226484,0.9839226181692127
0.1268694196554923,0.9079121391704137
0.09229920539706318,1.005352217840256
0.3024836104906255,1.1942473184267939
0.7198801371937887,0.3191630408414638
0.8046324212346462,0.2623362215701482
0.45019408352671136,1.2712287463094598
0.9440727045473,0.012337120295589199
8.910811504283004,0.04955925359111382
9,0.100564621839227
0.5758722702090007,2.932291061619686
0.8157350770358005,0.38636358748799815
0.2603314009777239,0.3650544194164481
5.255173701207167,0.20544637613607863
0.18232853473976945,1.1199745361114124
1.592838687707317,0.10277903476996314
9,0
0.4816191019913034,0.1883038079338511
0.30253510122565064,0.2305075976074744
0.05635211596751197,0.42367403742060006
0.07880202398766084,0.5530171062957332
0.9211149650528444,0.28941680662927904
1.1978765342357731,0.46446914747158724
0.19042209322174514,0.2356811296067002
0.3115983711830868,0.08839439395421131
0.18101835623780133,0.13257240758407218
0.41821450245238423,0.10412715354287724
8.385404146222015,0.5911457458247261
0.8458916973871212,0.12879442747943745
0.6744334635569974,0.22863425982782878
0.7221656576235742,0.10490675348539073
0.824920893067841,0.0192875584708858
0.1418898931459887,0.7771014074465737
0.06507679292136198,0.8149229687917521
0,0.9445290192011341
2.6063533273805373,0
0.5866705668301165,0.0497289919130694
0.5840850485362684,0.17667810856621746
1.2445107235654247,0.6498033432104913
0,1.1806529654523676
0.27913402016404226,0.5966591693727447
0.1448757021193253,0.3740556805365156
0.12363647347707718,0.6741799338238611
0,0.7386168519835622
0.9491906127085189,1.441892271801479
0.6788088200200999,0
0.4674761170908634,0
0,0.6300902894885435
1.0456176668052581,0
3.104110909901106,0.3167752362272705
0.21946920043772083,0.032739127752079565
0.36071667785805617,0
0.10848491183840574,0
0,0.27560461195365743
0.03493242980468392,0.15432724320602798
0,0
6.209782287249536,0
